Workbook

Sheet Tarifas e Resoluções
B2: Concessionárias | C2: ANTERIOR | H2: ATUAL | O2: Data de Reajuste
C3: PONTA | E3: FORA PONTA | H3: PONTA | J3: FORA PONTA
C4: TUSD | D4: TE | E4: TUSD | F4: TE | G4: Resolução | H4: TUSD | I4: TE | J4: TUSD | K4: TE | L4: Resolução | M4: Tipo de Reajuste
B5: Equatorial PA | C5: 2.58258 | D5: 0.43857 | E5: 0.15186 | F5: 0.26893 | G5: RES. 3.507, de 05/08/2025 | H5: 2.52047 | I5: 0.4913 | J5: 0.19197 | K5: 0.28528 | L5: RES. 3.608, de 15/09/2026 | M5: Reajuste | N5: =IF(L5="",MID(G5,FIND("de ",G5)+3,10),MID(L5,FIND("de ",L5)+3,10)) -> 15/09/2026 | O5: =TODAY()-N5 -> 7
B6: Energisa TO (ETO) | C6: 2.03801 | D6: 0.44315 | E6: 0.10693 | F6: 0.27255 | G6: RES. 3.479, de 01/07/2025 | H6: 2.08797 | I6: 0.48892 | J6: 0.1325 | K6: 0.29608 | L6: RES. 3.593, de 30/06/2026 | M6: Reajuste | N6: =IF(L6="",MID(G6,FIND("de ",G6)+3,10),MID(L6,FIND("de ",L6)+3,10)) -> 30/06/2026 | O6: =TODAY()-N6 -> 84
B7: Equatorial MA | C7: 2.37747 | D7: 0.43069 | E7: 0.11615 | F7: 0.26656 | G7: RES. 3.512, de 26/08/2025 | H7: 2.39324 | I7: 0.47206 | J7: 0.15513 | K7: 0.27606 | L7: RES. 3.604, de 24/08/2026 | M7: Reajuste | N7: =IF(L7="",MID(G7,FIND("de ",G7)+3,10),MID(L7,FIND("de ",L7)+3,10)) -> 24/08/2026 | O7: =TODAY()-N7 -> 29
B8: Energisa AC (EAC) | C8: 2.75366 | D8: 0.28833 | E8: 0.143633 | F8: 0.14153 | G8: RES. 3.556, de 09/12/2025 | N8: =IF(L8="",MID(G8,FIND("de ",G8)+3,10),MID(L8,FIND("de ",L8)+3,10)) -> 09/12/2025 | O8: =TODAY()-N8 -> 287
B9: Energisa RO (ERO) | C9: 2.5299 | D9: 0.3858 | E9: 0.15417 | F9: 0.20039 | G9: RES. 3.560, de 09/12/2025 | N9: =IF(L9="",MID(G9,FIND("de ",G9)+3,10),MID(L9,FIND("de ",L9)+3,10)) -> 09/12/2025 | O9: =TODAY()-N9 -> 287
B10: LIGHT (LIGHT SESA) | C10: 1.12281 | D10: 0.46099 | E10: 0.1615 | F10: 0.29436 | G10: RES. 3.474, de 17/06/2025 | H10: 1.17632 | I10: 0.43742 | J10: 0.21501 | K10: 0.28537 | L10: RES. 3.571, de 10/03/2026 | M10: Reajuste | N10: =IF(L10="",MID(G10,FIND("de ",G10)+3,10),MID(L10,FIND("de ",L10)+3,10)) -> 10/03/2026 | O10: =TODAY()-N10 -> 196
B11: Energisa MT (EMT) | C11: 1.71329 | D11: 0.47966 | E11: 0.13105 | F11: 0.28462 | G11: RES. 3.440, de 01/04/2025 | H11: 1.80798 | I11: 0.4892 | J11: 0.16594 | K11: 0.28446 | L11: RES. 3.581, de 22/04/2026 | M11: Reajuste | N11: =IF(L11="",MID(G11,FIND("de ",G11)+3,10),MID(L11,FIND("de ",L11)+3,10)) -> 22/04/2026 | O11: =TODAY()-N11 -> 153
B12: Energisa PB (EPB) | C12: 1.28154 | D12: 0.40487 | E12: 0.09851 | F12: 0.2407 | G12: RES. 3.518, de 26/08/2025 | H12: 1.2899 | I12: 0.42819 | J12: 0.12652 | K12: 0.24537 | L12: RES. 3.603, de 24/08/2026 | M12: Reajuste | N12: =IF(L12="",MID(G12,FIND("de ",G12)+3,10),MID(L12,FIND("de ",L12)+3,10)) -> 24/08/2026 | O12: =TODAY()-N12 -> 29
B13: SULGIPE | C13: 1.70294 | D13: 0.35235 | E13: 0.08493 | F13: 0.21751 | G13: RES. 3.453, de 20/05/2025 | H13: 1.71878 | I13: 0.36613 | J13: 0.12233 | K13: 0.22247 | L13: RES. 3.453, de 20/05/2026 | M13: Reajuste | N13: =IF(L13="",MID(G13,FIND("de ",G13)+3,10),MID(L13,FIND("de ",L13)+3,10)) -> 20/05/2026 | O13: =TODAY()-N13 -> 125
B14: Neoenergia PE | C14: 1.24441 | D14: 0.43671 | E14: 0.09468 | F14: 0.2661 | G14: RES. 3.451, de 29/04/2025 | H14: 1.12806 | I14: 0.4377 | J14: 0.12359 | K14: 0.25527 | L14: RES. 3.583, de 28/04/2026 | M14: Reajuste | N14: =IF(L14="",MID(G14,FIND("de ",G14)+3,10),MID(L14,FIND("de ",L14)+3,10)) -> 28/04/2026 | O14: =TODAY()-N14 -> 147
B15: Neoenergia BA (COELBA) | C15: 2.67604 | D15: 0.42776 | E15: 0.10142 | F15: 0.26248 | G15: RES. 3.443, de 15/04/2025 | H15: 2.75779 | I15: 0.44144 | J15: 0.1391 | K15: 0.25224 | L15: RES. 3.578, de 22/04/2026 | M15: Reajuste | N15: =IF(L15="",MID(G15,FIND("de ",G15)+3,10),MID(L15,FIND("de ",L15)+3,10)) -> 22/04/2026 | O15: =TODAY()-N15 -> 153
B16: Equatorial PI | C16: 2.29663 | D16: 0.46025 | E16: 0.14021 | F16: 0.2817 | G16: RES. 3.555, de 25/11/2025 | N16: =IF(L16="",MID(G16,FIND("de ",G16)+3,10),MID(L16,FIND("de ",L16)+3,10)) -> 25/11/2025 | O16: =TODAY()-N16 -> 301
B17: Energisa MS (EMS) | C17: 1.80993 | D17: 0.44621 | E17: 0.12998 | F17: 0.26963 | G17: RES. 3.441, de 08/04/2025 | H17: 1.89203 | I17: 0.48948 | J17: 0.17971 | K17: 0.30533 | L17: RES. 3.582, de 22/04/2026 | M17: Reajuste | N17: =IF(L17="",MID(G17,FIND("de ",G17)+3,10),MID(L17,FIND("de ",L17)+3,10)) -> 22/04/2026 | O17: =TODAY()-N17 -> 153
B18: CEMIG | C18: 1.80905 | D18: 0.47591 | E18: 0.15323 | F18: 0.29677 | G18: RES. 3.459, de 20/05/2025 | H18: 1.91296 | I18: 0.47422 | J18: 0.18579 | K18: 0.29498 | L18: RES. 3.589, de 26/05/2026 | M18: Reajuste | N18: =IF(L18="",MID(G18,FIND("de ",G18)+3,10),MID(L18,FIND("de ",L18)+3,10)) -> 26/05/2026 | O18: =TODAY()-N18 -> 119
B19: Equatorial AL | C19: 1.84193 | D19: 0.38757 | E19: 0.13851 | F19: 0.22405 | G19: RES. 3.450, de 29/04/2025 | H19: 1.87514 | I19: 0.38319 | J19: 0.17195 | K19: 0.19235 | L19: RES. 3.584, de 28/04/2026 | M19: Reajuste | N19: =IF(L19="",MID(G19,FIND("de ",G19)+3,10),MID(L19,FIND("de ",L19)+3,10)) -> 28/04/2026 | O19: =TODAY()-N19 -> 147
B20: COCEL | C20: 1.1046 | D20: 0.40263 | E20: 0.10789 | F20: 0.25411 | G20: RES. 3.476, de 24/06/2025 | H20: 1.39731 | I20: 0.44749 | J20: 0.12436 | K20: 0.27903 | L20: RES. 3.595, de 30/06/2026 | M20: Revisão | N20: =IF(L20="",MID(G20,FIND("de ",G20)+3,10),MID(L20,FIND("de ",L20)+3,10)) -> 30/06/2026 | O20: =TODAY()-N20 -> 84
B21: RGE Sul | C21: 1.69304 | D21: 0.45822 | E21: 0.11938 | F21: 0.28504 | G21: RES. 3.473, de 17/06/2025 | H21: 1.8349 | I21: 0.54657 | J21: 0.15777 | K21: 0.33873 | L21: RES. 3.590, de 16/06/2026 | M21: Reajuste | N21: =IF(L21="",MID(G21,FIND("de ",G21)+3,10),MID(L21,FIND("de ",L21)+3,10)) -> 16/06/2026 | O21: =TODAY()-N21 -> 98
B22: Equatorial GO | C22: 1.65616 | D22: 0.48489 | E22: 0.14961 | F22: 0.30387 | G22: RES. 3.544, de 21/10/2025 | N22: =IF(L22="",MID(G22,FIND("de ",G22)+3,10),MID(L22,FIND("de ",L22)+3,10)) -> 21/10/2025 | O22: =TODAY()-N22 -> 336
B23: Neoenergia RN (COSERN) | C23: 1.86781 | D23: 0.48578 | E23: 0.09156 | F23: 0.29476 | G23: RES. 3.442, de 15/04/2025 | H23: 2.00969 | I23: 0.48553 | J23: 0.11719 | K23: 0.28257 | L23: RES. 3.573, de 22/04/2026 | M23: Reajuste | N23: =IF(L23="",MID(G23,FIND("de ",G23)+3,10),MID(L23,FIND("de ",L23)+3,10)) -> 22/04/2026 | O23: =TODAY()-N23 -> 153
B24: CELESC | C24: 1.06941 | D24: 0.48363 | E24: 0.14435 | F24: 0.30123 | G24: RES. 3.511, de 19/08/2025 | H24: 1.18924 | I24: 0.52711 | J24: 0.17119 | K24: 0.32908 | L24: RES. 3.602, de 18/08/2026 | M24: Revisão | N24: =IF(L24="",MID(G24,FIND("de ",G24)+3,10),MID(L24,FIND("de ",L24)+3,10)) -> 18/08/2026 | O24: =TODAY()-N24 -> 35
B25: Roraima Energia (Boa Vista) | C25: 1.26649 | D25: 0.50138 | E25: 0.09841 | F25: 0.28832 | G25: RES. 3.434, de 21/01/2025 | H25: 1.60696 | I25: 0.52553 | J25: 0.15459 | K25: 0.32733 | L25: RES. 3.565, de 20/01/2026 | M25: Reajuste | N25: =IF(L25="",MID(G25,FIND("de ",G25)+3,10),MID(L25,FIND("de ",L25)+3,10)) -> 20/01/2026 | O25: =TODAY()-N25 -> 245
B26: Neoenergia Elektro (ELEKTRO) | C26: 1.92309 | D26: 0.48004 | E26: 0.13852 | F26: 0.29732 | G26: RES. 3.510, de 19/08/2025 | H26: 1.70728 | I26: 0.49666 | J26: 0.1719 | K26: 0.31068 | L26: RES. 3.605, de 24/08/2026 | M26: Reajuste | N26: =IF(L26="",MID(G26,FIND("de ",G26)+3,10),MID(L26,FIND("de ",L26)+3,10)) -> 24/08/2026 | O26: =TODAY()-N26 -> 29
B27: COPEL | C27: 1.21156 | D27: 0.41369 | E27: 0.12091 | F27: 0.25751 | G27: RES. 3.472, de 17/06/2025 | H27: 1.46339 | I27: 0.47555 | J27: 0.14659 | K27: 0.29575 | L27: RES. 3.592, de 23/06/2026 | M27: Revisão | N27: =IF(L27="",MID(G27,FIND("de ",G27)+3,10),MID(L27,FIND("de ",L27)+3,10)) -> 23/06/2026 | O27: =TODAY()-N27 -> 91
B28: Enel CE | C28: 1.1629 | D28: 0.37247 | E28: 0.08846 | F28: 0.2325 | G28: RES. 3.445, de 15/04/2025 | H28: 1.13477 | I28: 0.4092 | J28: 0.12386 | K28: 0.24531 | L28: RES. 3.574, de 22/04/2026 | M28: Reajuste | N28: =IF(L28="",MID(G28,FIND("de ",G28)+3,10),MID(L28,FIND("de ",L28)+3,10)) -> 22/04/2026 | O28: =TODAY()-N28 -> 153
B29: Energisa SE (ESE) | C29: 1.70294 | D29: 0.4265 | E29: 0.08493 | F29: 0.25765 | G29: RES. 3.444, de 15/04/2025 | H29: 1.71878 | I29: 0.46311 | J29: 0.12233 | K29: 0.26488 | L29: RES. 3.575, de 22/04/2026 | M29: Reajuste | N29: =IF(L29="",MID(G29,FIND("de ",G29)+3,10),MID(L29,FIND("de ",L29)+3,10)) -> 22/04/2026 | O29: =TODAY()-N29 -> 153
B30: CEEE Equatorial | C30: 1.66415 | D30: 0.50961 | E30: 0.15092 | F30: 0.32265 | G30: RES. 3.547, de 18/11/2025 | N30: =IF(L30="",MID(G30,FIND("de ",G30)+3,10),MID(L30,FIND("de ",L30)+3,10)) -> 18/11/2025 | O30: =TODAY()-N30 -> 308
B31: CPFL Paulista | C31: 1.29459 | D31: 0.44454 | E31: 0.11447 | F31: 0.27119 | G31: RES. 3.452, de 29/04/2025 | H31: 1.35157 | I31: 0.43188 | J31: 0.16416 | K31: 0.27282 | L31: RES. 3.579, de 22/04/2026 | M31: Reajuste | N31: =IF(L31="",MID(G31,FIND("de ",G31)+3,10),MID(L31,FIND("de ",L31)+3,10)) -> 22/04/2026 | O31: =TODAY()-N31 -> 153
B32: CPFL Piratininga | C32: 0.9439 | D32: 0.51345 | E32: 0.12899 | F32: 0.32277 | G32: RES. 3.543, de 21/10/2025 | N32: =IF(L32="",MID(G32,FIND("de ",G32)+3,10),MID(L32,FIND("de ",L32)+3,10)) -> 21/10/2025 | O32: =TODAY()-N32 -> 336
B33: EDP SP | C33: 1.32563 | D33: 0.48903 | E33: 0.14205 | F33: 0.30923 | G33: RES. 3.541, de 14/10/2025 | N33: =IF(L33="",MID(G33,FIND("de ",G33)+3,10),MID(L33,FIND("de ",L33)+3,10)) -> 14/10/2025 | O33: =TODAY()-N33 -> 343
B34: Neoenergia Brasília (CEB) | C34: 0.92752 | D34: 0.60225 | E34: 0.16742 | F34: 0.37795 | G34: RES. 3.542, de 22/10/2025 | N34: =IF(L34="",MID(G34,FIND("de ",G34)+3,10),MID(L34,FIND("de ",L34)+3,10)) -> 22/10/2025 | O34: =TODAY()-N34 -> 335
B35: Enel RJ | C35: 1.93406 | D35: 0.44591 | E35: 0.15 | F35: 0.27728 | G35: RES. 3.435, de 11/03/2025 | H35: 2.05729 | I35: 0.48969 | J35: 0.22356 | K35: 0.31086 | L35: RES. 3.570, de 10/03/2026 | M35: Reajuste | N35: =IF(L35="",MID(G35,FIND("de ",G35)+3,10),MID(L35,FIND("de ",L35)+3,10)) -> 10/03/2026 | O35: =TODAY()-N35 -> 196
B36: Enel SP (ELETROPAULO) | C36: 0.83707 | D36: 0.43913 | E36: 0.12505 | F36: 0.27354 | G36: RES. 3.477, de 01/07/2025 | H36: 0.92241 | I36: 0.48242 | J36: 0.15062 | K36: 0.30188 | L36: RES. 3.596, de 30/06/2026 | M36: Reajuste | N36: =IF(L36="",MID(G36,FIND("de ",G36)+3,10),MID(L36,FIND("de ",L36)+3,10)) -> 30/06/2026 | O36: =TODAY()-N36 -> 84
B37: Amazonas Energia | C37: 1.19971 | D37: 0.53038 | E37: 0.16666 | F37: 0.32926 | G37: RES. 3.454, de 20/05/2025 | H37: 1.25032 | I37: 0.55479 | J37: 0.22948 | K37: 0.29066 | L37: RES. 3.588, de 19/05/2026 | M37: Reajuste | N37: =IF(L37="",MID(G37,FIND("de ",G37)+3,10),MID(L37,FIND("de ",L37)+3,10)) -> 19/05/2026 | O37: =TODAY()-N37 -> 126
B38: Energisa Sul-Sudeste (ESS) | C38: 1.2433 | D38: 0.48664 | E38: 0.13277 | F38: 0.30118 | G38: RES. 3.480, de 01/07/2025 | H38: 1.38143 | I38: 0.49245 | J38: 0.14535 | K38: 0.3058 | L38: RES. 3.599, de 14/07/2026 | M38: Revisão | N38: =IF(L38="",MID(G38,FIND("de ",G38)+3,10),MID(L38,FIND("de ",L38)+3,10)) -> 14/07/2026 | O38: =TODAY()-N38 -> 70
B39: Equatorial AP (CEA) | C39: 2.2833 | D39: 0.35981 | E39: 0.19363 | F39: 0.19381 | G39: RES. 3.430, de 10/12/2024 | H39: 2.9972 | I39: 0.26573 | J39: 0.26738 | K39: 0.07571 | L39: RES. 3.572, de 07/04/2026 | M39: Reajuste | N39: =IF(L39="",MID(G39,FIND("de ",G39)+3,10),MID(L39,FIND("de ",L39)+3,10)) -> 07/04/2026 | O39: =TODAY()-N39 -> 168
B40: CHESP | C40: 1.65616 | D40: 0.4311 | E40: 0.14961 | F40: 0.27251 | G40: RES. 3.545, de 11/11/2025 | N40: =IF(L40="",MID(G40,FIND("de ",G40)+3,10),MID(L40,FIND("de ",L40)+3,10)) -> 11/11/2025 | O40: =TODAY()-N40 -> 315
B41: CPFL Santa Cruz | C41: 1.50234 | D41: 0.38313 | E41: 0.12574 | F41: 0.23231 | G41: RES. 3.460, de 20/05/2025 | H41: 1.82219 | I41: 0.37616 | J41: 0.15852 | K41: 0.23682 | L41: RES. 3.580, de 22/04/2026 | M41: Revisão | N41: =IF(L41="",MID(G41,FIND("de ",G41)+3,10),MID(L41,FIND("de ",L41)+3,10)) -> 22/04/2026 | O41: =TODAY()-N41 -> 153
B42: Energisa Minas Rio (EMR) | C42: 2.05661 | D42: 0.53733 | E42: 0.13649 | F42: 0.33242 | G42: RES. 3.471, de 17/06/2025 | H42: 1.94134 | I42: 0.55717 | J42: 0.15695 | K42: 0.34291 | L42: RES. 3.591, de 16/06/2026 | M42: Revisão | N42: =IF(L42="",MID(G42,FIND("de ",G42)+3,10),MID(L42,FIND("de ",L42)+3,10)) -> 16/06/2026 | O42: =TODAY()-N42 -> 98
B43: EDP ES | C43: 1.32193 | D43: 0.47895 | E43: 0.16171 | F43: 0.30025 | G43: RES. 3.508, de 05/08/2025 | H43: 1.40747 | I43: 0.51695 | J43: 0.18213 | K43: 0.32111 | L43: RES. 3.600, de 28/07/2026 | M43: Reajuste | N43: =IF(L43="",MID(G43,FIND("de ",G43)+3,10),MID(L43,FIND("de ",L43)+3,10)) -> 28/07/2026 | O43: =TODAY()-N43 -> 56
B44: FORCEL (Pacto Energia PR) | C44: 1.30221 | D44: 0.40038 | E44: 0.10872 | F44: 0.25287 | G44: RES. 3.509, de 19/08/2025 | N44: =IF(L44="",MID(G44,FIND("de ",G44)+3,10),MID(L44,FIND("de ",L44)+3,10)) -> 19/08/2025 | O44: =TODAY()-N44 -> 399

Sheet Perfil dos Reajustes
B2: Concessionárias | C2: PONTA | E2: FORA PONTA
C3: TUSD | D3: TE | E3: TUSD | F3: TE
B4: Equatorial PA | C4: =IF(VLOOKUP($B4,'Tarifas e Resoluções'!$B$5:$M$44,7,FALSE)="","",(VLOOKUP($B4,'Tarifas e Resoluções'!$B$5:$M$44,7,FALSE)/VLOOKUP($B4,'Tarifas e Resoluções'!$B$5:$M$44,2,FALSE))-1) -> -0.024049594 | D4: =IF(VLOOKUP($B4,'Tarifas e Resoluções'!$B$5:$M$44,8,FALSE)="","",(VLOOKUP($B4,'Tarifas e Resoluções'!$B$5:$M$44,8,FALSE)/VLOOKUP($B4,'Tarifas e Resoluções'!$B$5:$M$44,3,FALSE))-1) -> 0.12023166 | E4: =IF(VLOOKUP($B4,'Tarifas e Resoluções'!$B$5:$M$44,9,FALSE)="","",(VLOOKUP($B4,'Tarifas e Resoluções'!$B$5:$M$44,9,FALSE)/VLOOKUP($B4,'Tarifas e Resoluções'!$B$5:$M$44,4,FALSE))-1) -> 0.26412485 | F4: =IF(VLOOKUP($B4,'Tarifas e Resoluções'!$B$5:$M$44,10,FALSE)="","",(VLOOKUP($B4,'Tarifas e Resoluções'!$B$5:$M$44,10,FALSE)/VLOOKUP($B4,'Tarifas e Resoluções'!$B$5:$M$44,5,FALSE))-1) -> 0.06079649
B5: Energisa TO (ETO) | C5: =IF(VLOOKUP($B5,'Tarifas e Resoluções'!$B$5:$M$44,7,FALSE)="","",(VLOOKUP($B5,'Tarifas e Resoluções'!$B$5:$M$44,7,FALSE)/VLOOKUP($B5,'Tarifas e Resoluções'!$B$5:$M$44,2,FALSE))-1) -> 0.024514109 | D5: =IF(VLOOKUP($B5,'Tarifas e Resoluções'!$B$5:$M$44,8,FALSE)="","",(VLOOKUP($B5,'Tarifas e Resoluções'!$B$5:$M$44,8,FALSE)/VLOOKUP($B5,'Tarifas e Resoluções'!$B$5:$M$44,3,FALSE))-1) -> 0.10328331 | E5: =IF(VLOOKUP($B5,'Tarifas e Resoluções'!$B$5:$M$44,9,FALSE)="","",(VLOOKUP($B5,'Tarifas e Resoluções'!$B$5:$M$44,9,FALSE)/VLOOKUP($B5,'Tarifas e Resoluções'!$B$5:$M$44,4,FALSE))-1) -> 0.2391284 | F5: =IF(VLOOKUP($B5,'Tarifas e Resoluções'!$B$5:$M$44,10,FALSE)="","",(VLOOKUP($B5,'Tarifas e Resoluções'!$B$5:$M$44,10,FALSE)/VLOOKUP($B5,'Tarifas e Resoluções'!$B$5:$M$44,5,FALSE))-1) -> 0.086332783
B6: Equatorial MA | C6: =IF(VLOOKUP($B6,'Tarifas e Resoluções'!$B$5:$M$44,7,FALSE)="","",(VLOOKUP($B6,'Tarifas e Resoluções'!$B$5:$M$44,7,FALSE)/VLOOKUP($B6,'Tarifas e Resoluções'!$B$5:$M$44,2,FALSE))-1) -> 0.0066331016 | D6: =IF(VLOOKUP($B6,'Tarifas e Resoluções'!$B$5:$M$44,8,FALSE)="","",(VLOOKUP($B6,'Tarifas e Resoluções'!$B$5:$M$44,8,FALSE)/VLOOKUP($B6,'Tarifas e Resoluções'!$B$5:$M$44,3,FALSE))-1) -> 0.096055167 | E6: =IF(VLOOKUP($B6,'Tarifas e Resoluções'!$B$5:$M$44,9,FALSE)="","",(VLOOKUP($B6,'Tarifas e Resoluções'!$B$5:$M$44,9,FALSE)/VLOOKUP($B6,'Tarifas e Resoluções'!$B$5:$M$44,4,FALSE))-1) -> 0.33560052 | F6: =IF(VLOOKUP($B6,'Tarifas e Resoluções'!$B$5:$M$44,10,FALSE)="","",(VLOOKUP($B6,'Tarifas e Resoluções'!$B$5:$M$44,10,FALSE)/VLOOKUP($B6,'Tarifas e Resoluções'!$B$5:$M$44,5,FALSE))-1) -> 0.035639256
B7: Energisa AC (EAC) | C7: =IF(VLOOKUP($B7,'Tarifas e Resoluções'!$B$5:$M$44,7,FALSE)="","",(VLOOKUP($B7,'Tarifas e Resoluções'!$B$5:$M$44,7,FALSE)/VLOOKUP($B7,'Tarifas e Resoluções'!$B$5:$M$44,2,FALSE))-1) | D7: =IF(VLOOKUP($B7,'Tarifas e Resoluções'!$B$5:$M$44,8,FALSE)="","",(VLOOKUP($B7,'Tarifas e Resoluções'!$B$5:$M$44,8,FALSE)/VLOOKUP($B7,'Tarifas e Resoluções'!$B$5:$M$44,3,FALSE))-1) | E7: =IF(VLOOKUP($B7,'Tarifas e Resoluções'!$B$5:$M$44,9,FALSE)="","",(VLOOKUP($B7,'Tarifas e Resoluções'!$B$5:$M$44,9,FALSE)/VLOOKUP($B7,'Tarifas e Resoluções'!$B$5:$M$44,4,FALSE))-1) | F7: =IF(VLOOKUP($B7,'Tarifas e Resoluções'!$B$5:$M$44,10,FALSE)="","",(VLOOKUP($B7,'Tarifas e Resoluções'!$B$5:$M$44,10,FALSE)/VLOOKUP($B7,'Tarifas e Resoluções'!$B$5:$M$44,5,FALSE))-1)
B8: Energisa RO (ERO) | C8: =IF(VLOOKUP($B8,'Tarifas e Resoluções'!$B$5:$M$44,7,FALSE)="","",(VLOOKUP($B8,'Tarifas e Resoluções'!$B$5:$M$44,7,FALSE)/VLOOKUP($B8,'Tarifas e Resoluções'!$B$5:$M$44,2,FALSE))-1) | D8: =IF(VLOOKUP($B8,'Tarifas e Resoluções'!$B$5:$M$44,8,FALSE)="","",(VLOOKUP($B8,'Tarifas e Resoluções'!$B$5:$M$44,8,FALSE)/VLOOKUP($B8,'Tarifas e Resoluções'!$B$5:$M$44,3,FALSE))-1) | E8: =IF(VLOOKUP($B8,'Tarifas e Resoluções'!$B$5:$M$44,9,FALSE)="","",(VLOOKUP($B8,'Tarifas e Resoluções'!$B$5:$M$44,9,FALSE)/VLOOKUP($B8,'Tarifas e Resoluções'!$B$5:$M$44,4,FALSE))-1) | F8: =IF(VLOOKUP($B8,'Tarifas e Resoluções'!$B$5:$M$44,10,FALSE)="","",(VLOOKUP($B8,'Tarifas e Resoluções'!$B$5:$M$44,10,FALSE)/VLOOKUP($B8,'Tarifas e Resoluções'!$B$5:$M$44,5,FALSE))-1)
B9: LIGHT (LIGHT SESA) | C9: =IF(VLOOKUP($B9,'Tarifas e Resoluções'!$B$5:$M$44,7,FALSE)="","",(VLOOKUP($B9,'Tarifas e Resoluções'!$B$5:$M$44,7,FALSE)/VLOOKUP($B9,'Tarifas e Resoluções'!$B$5:$M$44,2,FALSE))-1) -> 0.047657217 | D9: =IF(VLOOKUP($B9,'Tarifas e Resoluções'!$B$5:$M$44,8,FALSE)="","",(VLOOKUP($B9,'Tarifas e Resoluções'!$B$5:$M$44,8,FALSE)/VLOOKUP($B9,'Tarifas e Resoluções'!$B$5:$M$44,3,FALSE))-1) -> -0.051129092 | E9: =IF(VLOOKUP($B9,'Tarifas e Resoluções'!$B$5:$M$44,9,FALSE)="","",(VLOOKUP($B9,'Tarifas e Resoluções'!$B$5:$M$44,9,FALSE)/VLOOKUP($B9,'Tarifas e Resoluções'!$B$5:$M$44,4,FALSE))-1) -> 0.33133127 | F9: =IF(VLOOKUP($B9,'Tarifas e Resoluções'!$B$5:$M$44,10,FALSE)="","",(VLOOKUP($B9,'Tarifas e Resoluções'!$B$5:$M$44,10,FALSE)/VLOOKUP($B9,'Tarifas e Resoluções'!$B$5:$M$44,5,FALSE))-1) -> -0.030540834
B10: Energisa MT (EMT) | C10: =IF(VLOOKUP($B10,'Tarifas e Resoluções'!$B$5:$M$44,7,FALSE)="","",(VLOOKUP($B10,'Tarifas e Resoluções'!$B$5:$M$44,7,FALSE)/VLOOKUP($B10,'Tarifas e Resoluções'!$B$5:$M$44,2,FALSE))-1) -> 0.055267935 | D10: =IF(VLOOKUP($B10,'Tarifas e Resoluções'!$B$5:$M$44,8,FALSE)="","",(VLOOKUP($B10,'Tarifas e Resoluções'!$B$5:$M$44,8,FALSE)/VLOOKUP($B10,'Tarifas e Resoluções'!$B$5:$M$44,3,FALSE))-1) -> 0.019889088 | E10: =IF(VLOOKUP($B10,'Tarifas e Resoluções'!$B$5:$M$44,9,FALSE)="","",(VLOOKUP($B10,'Tarifas e Resoluções'!$B$5:$M$44,9,FALSE)/VLOOKUP($B10,'Tarifas e Resoluções'!$B$5:$M$44,4,FALSE))-1) -> 0.26623426 | F10: =IF(VLOOKUP($B10,'Tarifas e Resoluções'!$B$5:$M$44,10,FALSE)="","",(VLOOKUP($B10,'Tarifas e Resoluções'!$B$5:$M$44,10,FALSE)/VLOOKUP($B10,'Tarifas e Resoluções'!$B$5:$M$44,5,FALSE))-1) -> -0.00056215305
B11: Energisa PB (EPB) | C11: =IF(VLOOKUP($B11,'Tarifas e Resoluções'!$B$5:$M$44,7,FALSE)="","",(VLOOKUP($B11,'Tarifas e Resoluções'!$B$5:$M$44,7,FALSE)/VLOOKUP($B11,'Tarifas e Resoluções'!$B$5:$M$44,2,FALSE))-1) -> 0.0065234015 | D11: =IF(VLOOKUP($B11,'Tarifas e Resoluções'!$B$5:$M$44,8,FALSE)="","",(VLOOKUP($B11,'Tarifas e Resoluções'!$B$5:$M$44,8,FALSE)/VLOOKUP($B11,'Tarifas e Resoluções'!$B$5:$M$44,3,FALSE))-1) -> 0.057598735 | E11: =IF(VLOOKUP($B11,'Tarifas e Resoluções'!$B$5:$M$44,9,FALSE)="","",(VLOOKUP($B11,'Tarifas e Resoluções'!$B$5:$M$44,9,FALSE)/VLOOKUP($B11,'Tarifas e Resoluções'!$B$5:$M$44,4,FALSE))-1) -> 0.28433662 | F11: =IF(VLOOKUP($B11,'Tarifas e Resoluções'!$B$5:$M$44,10,FALSE)="","",(VLOOKUP($B11,'Tarifas e Resoluções'!$B$5:$M$44,10,FALSE)/VLOOKUP($B11,'Tarifas e Resoluções'!$B$5:$M$44,5,FALSE))-1) -> 0.019401745
B12: SULGIPE | C12: =IF(VLOOKUP($B12,'Tarifas e Resoluções'!$B$5:$M$44,7,FALSE)="","",(VLOOKUP($B12,'Tarifas e Resoluções'!$B$5:$M$44,7,FALSE)/VLOOKUP($B12,'Tarifas e Resoluções'!$B$5:$M$44,2,FALSE))-1) -> 0.0093015608 | D12: =IF(VLOOKUP($B12,'Tarifas e Resoluções'!$B$5:$M$44,8,FALSE)="","",(VLOOKUP($B12,'Tarifas e Resoluções'!$B$5:$M$44,8,FALSE)/VLOOKUP($B12,'Tarifas e Resoluções'!$B$5:$M$44,3,FALSE))-1) -> 0.039108841 | E12: =IF(VLOOKUP($B12,'Tarifas e Resoluções'!$B$5:$M$44,9,FALSE)="","",(VLOOKUP($B12,'Tarifas e Resoluções'!$B$5:$M$44,9,FALSE)/VLOOKUP($B12,'Tarifas e Resoluções'!$B$5:$M$44,4,FALSE))-1) -> 0.44036265 | F12: =IF(VLOOKUP($B12,'Tarifas e Resoluções'!$B$5:$M$44,10,FALSE)="","",(VLOOKUP($B12,'Tarifas e Resoluções'!$B$5:$M$44,10,FALSE)/VLOOKUP($B12,'Tarifas e Resoluções'!$B$5:$M$44,5,FALSE))-1) -> 0.022803549
B13: Neoenergia PE | C13: =IF(VLOOKUP($B13,'Tarifas e Resoluções'!$B$5:$M$44,7,FALSE)="","",(VLOOKUP($B13,'Tarifas e Resoluções'!$B$5:$M$44,7,FALSE)/VLOOKUP($B13,'Tarifas e Resoluções'!$B$5:$M$44,2,FALSE))-1) -> -0.093498124 | D13: =IF(VLOOKUP($B13,'Tarifas e Resoluções'!$B$5:$M$44,8,FALSE)="","",(VLOOKUP($B13,'Tarifas e Resoluções'!$B$5:$M$44,8,FALSE)/VLOOKUP($B13,'Tarifas e Resoluções'!$B$5:$M$44,3,FALSE))-1) -> 0.0022669506 | E13: =IF(VLOOKUP($B13,'Tarifas e Resoluções'!$B$5:$M$44,9,FALSE)="","",(VLOOKUP($B13,'Tarifas e Resoluções'!$B$5:$M$44,9,FALSE)/VLOOKUP($B13,'Tarifas e Resoluções'!$B$5:$M$44,4,FALSE))-1) -> 0.30534432 | F13: =IF(VLOOKUP($B13,'Tarifas e Resoluções'!$B$5:$M$44,10,FALSE)="","",(VLOOKUP($B13,'Tarifas e Resoluções'!$B$5:$M$44,10,FALSE)/VLOOKUP($B13,'Tarifas e Resoluções'!$B$5:$M$44,5,FALSE))-1) -> -0.040698985
B14: Neoenergia BA (COELBA) | C14: =IF(VLOOKUP($B14,'Tarifas e Resoluções'!$B$5:$M$44,7,FALSE)="","",(VLOOKUP($B14,'Tarifas e Resoluções'!$B$5:$M$44,7,FALSE)/VLOOKUP($B14,'Tarifas e Resoluções'!$B$5:$M$44,2,FALSE))-1) -> 0.030548871 | D14: =IF(VLOOKUP($B14,'Tarifas e Resoluções'!$B$5:$M$44,8,FALSE)="","",(VLOOKUP($B14,'Tarifas e Resoluções'!$B$5:$M$44,8,FALSE)/VLOOKUP($B14,'Tarifas e Resoluções'!$B$5:$M$44,3,FALSE))-1) -> 0.03198055 | E14: =IF(VLOOKUP($B14,'Tarifas e Resoluções'!$B$5:$M$44,9,FALSE)="","",(VLOOKUP($B14,'Tarifas e Resoluções'!$B$5:$M$44,9,FALSE)/VLOOKUP($B14,'Tarifas e Resoluções'!$B$5:$M$44,4,FALSE))-1) -> 0.37152435 | F14: =IF(VLOOKUP($B14,'Tarifas e Resoluções'!$B$5:$M$44,10,FALSE)="","",(VLOOKUP($B14,'Tarifas e Resoluções'!$B$5:$M$44,10,FALSE)/VLOOKUP($B14,'Tarifas e Resoluções'!$B$5:$M$44,5,FALSE))-1) -> -0.039012496
B15: Equatorial PI | C15: =IF(VLOOKUP($B15,'Tarifas e Resoluções'!$B$5:$M$44,7,FALSE)="","",(VLOOKUP($B15,'Tarifas e Resoluções'!$B$5:$M$44,7,FALSE)/VLOOKUP($B15,'Tarifas e Resoluções'!$B$5:$M$44,2,FALSE))-1) | D15: =IF(VLOOKUP($B15,'Tarifas e Resoluções'!$B$5:$M$44,8,FALSE)="","",(VLOOKUP($B15,'Tarifas e Resoluções'!$B$5:$M$44,8,FALSE)/VLOOKUP($B15,'Tarifas e Resoluções'!$B$5:$M$44,3,FALSE))-1) | E15: =IF(VLOOKUP($B15,'Tarifas e Resoluções'!$B$5:$M$44,9,FALSE)="","",(VLOOKUP($B15,'Tarifas e Resoluções'!$B$5:$M$44,9,FALSE)/VLOOKUP($B15,'Tarifas e Resoluções'!$B$5:$M$44,4,FALSE))-1) | F15: =IF(VLOOKUP($B15,'Tarifas e Resoluções'!$B$5:$M$44,10,FALSE)="","",(VLOOKUP($B15,'Tarifas e Resoluções'!$B$5:$M$44,10,FALSE)/VLOOKUP($B15,'Tarifas e Resoluções'!$B$5:$M$44,5,FALSE))-1)
... B43: FORCEL (Pacto Energia PR) | C43: =IF(VLOOKUP($B43,'Tarifas e Resoluções'!$B$5:$M$44,7,FALSE)="","",(VLOOKUP($B43,'Tarifas e Resoluções'!$B$5:$M$44,7,FALSE)/VLOOKUP($B43,'Tarifas e Resoluções'!$B$5:$M$44,2,FALSE))-1) | D43: =IF(VLOOKUP($B43,'Tarifas e Resoluções'!$B$5:$M$44,8,FALSE)="","",(VLOOKUP($B43,'Tarifas e Resoluções'!$B$5:$M$44,8,FALSE)/VLOOKUP($B43,'Tarifas e Resoluções'!$B$5:$M$44,3,FALSE))-1) | E43: =IF(VLOOKUP($B43,'Tarifas e Resoluções'!$B$5:$M$44,9,FALSE)="","",(VLOOKUP($B43,'Tarifas e Resoluções'!$B$5:$M$44,9,FALSE)/VLOOKUP($B43,'Tarifas e Resoluções'!$B$5:$M$44,4,FALSE))-1) | F43: =IF(VLOOKUP($B43,'Tarifas e Resoluções'!$B$5:$M$44,10,FALSE)="","",(VLOOKUP($B43,'Tarifas e Resoluções'!$B$5:$M$44,10,FALSE)/VLOOKUP($B43,'Tarifas e Resoluções'!$B$5:$M$44,5,FALSE))-1)

Sheet Tarifas Ponta Cativo
B2: Concessionárias | C2: Estado | D2: ICMS | E2: PIS/COFINS | F2: ANTERIOR | H2: ATUAL | J2: Reajuste | L2: RANKING TUSD + TE Ponta - Mercado Cativo
F3: TUSD P + TE P | H3: TUSD P + TE P
F4: S/ Imp | G4: C/ Imp | H4: S/ Imp | I4: C/ Imp | L4: Concessionária | M4: Estado | N4: Tarifa Ponta
B5: ='Tarifas e Resoluções'!B5 -> Equatorial PA | C5: PA | D5: =VLOOKUP(C5,Rascunho!$B$3:$C$29,2,FALSE) -> 0.19 | E5: 0.05 | F5: =VLOOKUP($B5,'Tarifas e Resoluções'!$B$5:$M$44,2,FALSE)+VLOOKUP($B5,'Tarifas e Resoluções'!$B$5:$M$44,3,FALSE) -> 3.02115 | G5: =F5/(1-E5)/(1-D5) -> 3.9261209 | H5: =IF(VLOOKUP($B5,'Tarifas e Resoluções'!$B$5:$M$44,7,FALSE)="","",VLOOKUP($B5,'Tarifas e Resoluções'!$B$5:$M$44,7,FALSE)+VLOOKUP($B5,'Tarifas e Resoluções'!$B$5:$M$44,8,FALSE)) -> 3.01177 | I5: =IFERROR(H5/(1-E5)/(1-D5),"") -> 3.9139311 | J5: =IFERROR(I5/G5-1,"") -> -0.003104778 | L5: =VLOOKUP(N5,Rascunho!$E$4:$G$43,2,FALSE) -> Equatorial AP (CEA) | M5: =VLOOKUP(N5,Rascunho!$E$4:$G$43,3,FALSE) -> AP | N5: =LARGE(Rascunho!$E$4:$E$43,1) -> 4.1886136
B6: ='Tarifas e Resoluções'!B6 -> Energisa TO (ETO) | C6: TO | D6: =VLOOKUP(C6,Rascunho!$B$3:$C$29,2,FALSE) -> 0.2 | E6: =E5 -> 0.05 | F6: =VLOOKUP($B6,'Tarifas e Resoluções'!$B$5:$M$44,2,FALSE)+VLOOKUP($B6,'Tarifas e Resoluções'!$B$5:$M$44,3,FALSE) -> 2.48116 | G6: =F6/(1-E6)/(1-D6) -> 3.2646842 | H6: =IF(VLOOKUP($B6,'Tarifas e Resoluções'!$B$5:$M$44,7,FALSE)="","",VLOOKUP($B6,'Tarifas e Resoluções'!$B$5:$M$44,7,FALSE)+VLOOKUP($B6,'Tarifas e Resoluções'!$B$5:$M$44,8,FALSE)) -> 2.57689 | I6: =IFERROR(H6/(1-E6)/(1-D6),"") -> 3.3906447 | J6: =IFERROR(I6/G6-1,"") -> 0.03858276 | L6: =VLOOKUP(N6,Rascunho!$E$4:$G$43,2,FALSE) -> Energisa AC (EAC) | M6: =VLOOKUP(N6,Rascunho!$E$4:$G$43,3,FALSE) -> AC | N6: =LARGE(Rascunho!$E$4:$E$43,2) -> 3.9532034
B7: ='Tarifas e Resoluções'!B7 -> Equatorial MA | C7: MA | D7: =VLOOKUP(C7,Rascunho!$B$3:$C$29,2,FALSE) -> 0.22 | E7: =E6 -> 0.05 | F7: =VLOOKUP($B7,'Tarifas e Resoluções'!$B$5:$M$44,2,FALSE)+VLOOKUP($B7,'Tarifas e Resoluções'!$B$5:$M$44,3,FALSE) -> 2.80816 | G7: =F7/(1-E7)/(1-D7) -> 3.7896896 | H7: =IF(VLOOKUP($B7,'Tarifas e Resoluções'!$B$5:$M$44,7,FALSE)="","",VLOOKUP($B7,'Tarifas e Resoluções'!$B$5:$M$44,7,FALSE)+VLOOKUP($B7,'Tarifas e Resoluções'!$B$5:$M$44,8,FALSE)) -> 2.8653 | I7: =IFERROR(H7/(1-E7)/(1-D7),"") -> 3.8668016 | J7: =IFERROR(I7/G7-1,"") -> 0.020347843 | L7: =VLOOKUP(N7,Rascunho!$E$4:$G$43,2,FALSE) -> Equatorial PA | M7: =VLOOKUP(N7,Rascunho!$E$4:$G$43,3,FALSE) -> PA | N7: =LARGE(Rascunho!$E$4:$E$43,3) -> 3.9139311
B8: ='Tarifas e Resoluções'!B8 -> Energisa AC (EAC) | C8: AC | D8: =VLOOKUP(C8,Rascunho!$B$3:$C$29,2,FALSE) -> 0.19 | E8: =E7 -> 0.05 | F8: =VLOOKUP($B8,'Tarifas e Resoluções'!$B$5:$M$44,2,FALSE)+VLOOKUP($B8,'Tarifas e Resoluções'!$B$5:$M$44,3,FALSE) -> 3.04199 | G8: =F8/(1-E8)/(1-D8) -> 3.9532034 | H8: =IF(VLOOKUP($B8,'Tarifas e Resoluções'!$B$5:$M$44,7,FALSE)="","",VLOOKUP($B8,'Tarifas e Resoluções'!$B$5:$M$44,7,FALSE)+VLOOKUP($B8,'Tarifas e Resoluções'!$B$5:$M$44,8,FALSE)) | I8: =IFERROR(H8/(1-E8)/(1-D8),"") | J8: =IFERROR(I8/G8-1,"") | L8: =VLOOKUP(N8,Rascunho!$E$4:$G$43,2,FALSE) -> Neoenergia BA (COELBA) | M8: =VLOOKUP(N8,Rascunho!$E$4:$G$43,3,FALSE) -> BA | N8: =LARGE(Rascunho!$E$4:$E$43,4) -> 3.8685934
B9: ='Tarifas e Resoluções'!B9 -> Energisa RO (ERO) | C9: RO | D9: =VLOOKUP(C9,Rascunho!$B$3:$C$29,2,FALSE) -> 0.195 | E9: =E8 -> 0.05 | F9: =VLOOKUP($B9,'Tarifas e Resoluções'!$B$5:$M$44,2,FALSE)+VLOOKUP($B9,'Tarifas e Resoluções'!$B$5:$M$44,3,FALSE) -> 2.9157 | G9: =F9/(1-E9)/(1-D9) -> 3.8126185 | H9: =IF(VLOOKUP($B9,'Tarifas e Resoluções'!$B$5:$M$44,7,FALSE)="","",VLOOKUP($B9,'Tarifas e Resoluções'!$B$5:$M$44,7,FALSE)+VLOOKUP($B9,'Tarifas e Resoluções'!$B$5:$M$44,8,FALSE)) | I9: =IFERROR(H9/(1-E9)/(1-D9),"") | J9: =IFERROR(I9/G9-1,"") | L9: =VLOOKUP(N9,Rascunho!$E$4:$G$43,2,FALSE) -> Equatorial MA | M9: =VLOOKUP(N9,Rascunho!$E$4:$G$43,3,FALSE) -> MA | N9: =LARGE(Rascunho!$E$4:$E$43,5) -> 3.8668016
B10: ='Tarifas e Resoluções'!B10 -> LIGHT (LIGHT SESA) | C10: RJ | D10: =VLOOKUP(C10,Rascunho!$B$3:$C$29,2,FALSE) -> 0.22 | E10: =E9 -> 0.05 | F10: =VLOOKUP($B10,'Tarifas e Resoluções'!$B$5:$M$44,2,FALSE)+VLOOKUP($B10,'Tarifas e Resoluções'!$B$5:$M$44,3,FALSE) -> 1.5838 | G10: =F10/(1-E10)/(1-D10) -> 2.1373819 | H10: =IF(VLOOKUP($B10,'Tarifas e Resoluções'!$B$5:$M$44,7,FALSE)="","",VLOOKUP($B10,'Tarifas e Resoluções'!$B$5:$M$44,7,FALSE)+VLOOKUP($B10,'Tarifas e Resoluções'!$B$5:$M$44,8,FALSE)) -> 1.61374 | I10: =IFERROR(H10/(1-E10)/(1-D10),"") -> 2.1777868 | J10: =IFERROR(I10/G10-1,"") -> 0.018903902 | L10: =VLOOKUP(N10,Rascunho!$E$4:$G$43,2,FALSE) -> Energisa RO (ERO) | M10: =VLOOKUP(N10,Rascunho!$E$4:$G$43,3,FALSE) -> RO | N10: =LARGE(Rascunho!$E$4:$E$43,6) -> 3.8126185
B11: ='Tarifas e Resoluções'!B11 -> Energisa MT (EMT) | C11: MT | D11: =VLOOKUP(C11,Rascunho!$B$3:$C$29,2,FALSE) -> 0.17 | E11: =E10 -> 0.05 | F11: =VLOOKUP($B11,'Tarifas e Resoluções'!$B$5:$M$44,2,FALSE)+VLOOKUP($B11,'Tarifas e Resoluções'!$B$5:$M$44,3,FALSE) -> 2.19295 | G11: =F11/(1-E11)/(1-D11) -> 2.7811668 | H11: =IF(VLOOKUP($B11,'Tarifas e Resoluções'!$B$5:$M$44,7,FALSE)="","",VLOOKUP($B11,'Tarifas e Resoluções'!$B$5:$M$44,7,FALSE)+VLOOKUP($B11,'Tarifas e Resoluções'!$B$5:$M$44,8,FALSE)) -> 2.29718 | I11: =IFERROR(H11/(1-E11)/(1-D11),"") -> 2.9133545 | J11: =IFERROR(I11/G11-1,"") -> 0.047529583 | L11: =VLOOKUP(N11,Rascunho!$E$4:$G$43,2,FALSE) -> Equatorial PI | M11: =VLOOKUP(N11,Rascunho!$E$4:$G$43,3,FALSE) -> PI | N11: =LARGE(Rascunho!$E$4:$E$43,7) -> 3.744489
B12: ='Tarifas e Resoluções'!B12 -> Energisa PB (EPB) | C12: PB | D12: =VLOOKUP(C12,Rascunho!$B$3:$C$29,2,FALSE) -> 0.2 | E12: =E11 -> 0.05 | F12: =VLOOKUP($B12,'Tarifas e Resoluções'!$B$5:$M$44,2,FALSE)+VLOOKUP($B12,'Tarifas e Resoluções'!$B$5:$M$44,3,FALSE) -> 1.68641 | G12: =F12/(1-E12)/(1-D12) -> 2.2189605 | H12: =IF(VLOOKUP($B12,'Tarifas e Resoluções'!$B$5:$M$44,7,FALSE)="","",VLOOKUP($B12,'Tarifas e Resoluções'!$B$5:$M$44,7,FALSE)+VLOOKUP($B12,'Tarifas e Resoluções'!$B$5:$M$44,8,FALSE)) -> 1.71809 | I12: =IFERROR(H12/(1-E12)/(1-D12),"") -> 2.2606447 | J12: =IFERROR(I12/G12-1,"") -> 0.018785467 | L12: =VLOOKUP(N12,Rascunho!$E$4:$G$43,2,FALSE) -> Enel RJ | M12: =VLOOKUP(N12,Rascunho!$E$4:$G$43,3,FALSE) -> RJ | N12: =LARGE(Rascunho!$E$4:$E$43,8) -> 3.43722
B13: ='Tarifas e Resoluções'!B13 -> SULGIPE | C13: SE | D13: =VLOOKUP(C13,Rascunho!$B$3:$C$29,2,FALSE) -> 0.2 | E13: =E12 -> 0.05 | F13: =VLOOKUP($B13,'Tarifas e Resoluções'!$B$5:$M$44,2,FALSE)+VLOOKUP($B13,'Tarifas e Resoluções'!$B$5:$M$44,3,FALSE) -> 2.05529 | G13: =F13/(1-E13)/(1-D13) -> 2.7043289 | H13: =IF(VLOOKUP($B13,'Tarifas e Resoluções'!$B$5:$M$44,7,FALSE)="","",VLOOKUP($B13,'Tarifas e Resoluções'!$B$5:$M$44,7,FALSE)+VLOOKUP($B13,'Tarifas e Resoluções'!$B$5:$M$44,8,FALSE)) -> 2.08491 | I13: =IFERROR(H13/(1-E13)/(1-D13),"") -> 2.7433026 | J13: =IFERROR(I13/G13-1,"") -> 0.014411592 | L13: =VLOOKUP(N13,Rascunho!$E$4:$G$43,2,FALSE) -> Energisa TO (ETO) | M13: =VLOOKUP(N13,Rascunho!$E$4:$G$43,3,FALSE) -> TO | N13: =LARGE(Rascunho!$E$4:$E$43,9) -> 3.3906447
B14: ='Tarifas e Resoluções'!B14 -> Neoenergia PE | C14: PE | D14: =VLOOKUP(C14,Rascunho!$B$3:$C$29,2,FALSE) -> 0.205 | E14: =E13 -> 0.05 | F14: =VLOOKUP($B14,'Tarifas e Resoluções'!$B$5:$M$44,2,FALSE)+VLOOKUP($B14,'Tarifas e Resoluções'!$B$5:$M$44,3,FALSE) -> 1.68112 | G14: =F14/(1-E14)/(1-D14) -> 2.2259119 | H14: =IF(VLOOKUP($B14,'Tarifas e Resoluções'!$B$5:$M$44,7,FALSE)="","",VLOOKUP($B14,'Tarifas e Resoluções'!$B$5:$M$44,7,FALSE)+VLOOKUP($B14,'Tarifas e Resoluções'!$B$5:$M$44,8,FALSE)) -> 1.56576 | I14: =IFERROR(H14/(1-E14)/(1-D14),"") -> 2.0731678 | J14: =IFERROR(I14/G14-1,"") -> -0.068620919 | L14: =VLOOKUP(N14,Rascunho!$E$4:$G$43,2,FALSE) -> Energisa Minas Rio (EMR) | M14: =VLOOKUP(N14,Rascunho!$E$4:$G$43,3,FALSE) -> MG | N14: =LARGE(Rascunho!$E$4:$E$43,10) -> 3.2073299
B15: ='Tarifas e Resoluções'!B15 -> Neoenergia BA (COELBA) | C15: BA | D15: =VLOOKUP(C15,Rascunho!$B$3:$C$29,2,FALSE) -> 0.1295 | E15: =E14 -> 0.05 | F15: =VLOOKUP($B15,'Tarifas e Resoluções'!$B$5:$M$44,2,FALSE)+VLOOKUP($B15,'Tarifas e Resoluções'!$B$5:$M$44,3,FALSE) -> 3.1038 | G15: =F15/(1-E15)/(1-D15) -> 3.7531969 | H15: =IF(VLOOKUP($B15,'Tarifas e Resoluções'!$B$5:$M$44,7,FALSE)="","",VLOOKUP($B15,'Tarifas e Resoluções'!$B$5:$M$44,7,FALSE)+VLOOKUP($B15,'Tarifas e Resoluções'!$B$5:$M$44,8,FALSE)) -> 3.19923 | I15: =IFERROR(H15/(1-E15)/(1-D15),"") -> 3.8685934 | J15: =IFERROR(I15/G15-1,"") -> 0.030746182 | L15: =VLOOKUP(N15,Rascunho!$E$4:$G$43,2,FALSE) -> Neoenergia RN (COSERN) | M15: =VLOOKUP(N15,Rascunho!$E$4:$G$43,3,FALSE) -> RN | N15: =LARGE(Rascunho!$E$4:$E$43,11) -> 3.2031065
B16: ='Tarifas e Resoluções'!B16 -> Equatorial PI | C16: PI | D16: =VLOOKUP(C16,Rascunho!$B$3:$C$29,2,FALSE) -> 0.225 | E16: =E15 -> 0.05 | F16: =VLOOKUP($B16,'Tarifas e Resoluções'!$B$5:$M$44,2,FALSE)+VLOOKUP($B16,'Tarifas e Resoluções'!$B$5:$M$44,3,FALSE) -> 2.75688 | G16: =F16/(1-E16)/(1-D16) -> 3.744489 | H16: =IF(VLOOKUP($B16,'Tarifas e Resoluções'!$B$5:$M$44,7,FALSE)="","",VLOOKUP($B16,'Tarifas e Resoluções'!$B$5:$M$44,7,FALSE)+VLOOKUP($B16,'Tarifas e Resoluções'!$B$5:$M$44,8,FALSE)) | I16: =IFERROR(H16/(1-E16)/(1-D16),"") | J16: =IFERROR(I16/G16-1,"") | L16: =VLOOKUP(N16,Rascunho!$E$4:$G$43,2,FALSE) -> CEMIG | M16: =VLOOKUP(N16,Rascunho!$E$4:$G$43,3,FALSE) -> MG | N16: =LARGE(Rascunho!$E$4:$E$43,12) -> 3.0644159
B17: ='Tarifas e Resoluções'!B17 -> Energisa MS (EMS) | C17: MS | D17: =VLOOKUP(C17,Rascunho!$B$3:$C$29,2,FALSE) -> 0.17 | E17: =E16 -> 0.05 | F17: =VLOOKUP($B17,'Tarifas e Resoluções'!$B$5:$M$44,2,FALSE)+VLOOKUP($B17,'Tarifas e Resoluções'!$B$5:$M$44,3,FALSE) -> 2.25614 | G17: =F17/(1-E17)/(1-D17) -> 2.8613063 | H17: =IF(VLOOKUP($B17,'Tarifas e Resoluções'!$B$5:$M$44,7,FALSE)="","",VLOOKUP($B17,'Tarifas e Resoluções'!$B$5:$M$44,7,FALSE)+VLOOKUP($B17,'Tarifas e Resoluções'!$B$5:$M$44,8,FALSE)) -> 2.38151 | I17: =IFERROR(H17/(1-E17)/(1-D17),"") -> 3.0203044 | J17: =IFERROR(I17/G17-1,"") -> 0.05556836 | L17: =VLOOKUP(N17,Rascunho!$E$4:$G$43,2,FALSE) -> Energisa MS (EMS) | M17: =VLOOKUP(N17,Rascunho!$E$4:$G$43,3,FALSE) -> MS | N17: =LARGE(Rascunho!$E$4:$E$43,13) -> 3.0203044
B18: ='Tarifas e Resoluções'!B18 -> CEMIG | C18: MG | D18: =VLOOKUP(C18,Rascunho!$B$3:$C$29,2,FALSE) -> 0.18 | E18: =E17 -> 0.05 | F18: =VLOOKUP($B18,'Tarifas e Resoluções'!$B$5:$M$44,2,FALSE)+VLOOKUP($B18,'Tarifas e Resoluções'!$B$5:$M$44,3,FALSE) -> 2.28496 | G18: =F18/(1-E18)/(1-D18) -> 2.9331964 | H18: =IF(VLOOKUP($B18,'Tarifas e Resoluções'!$B$5:$M$44,7,FALSE)="","",VLOOKUP($B18,'Tarifas e Resoluções'!$B$5:$M$44,7,FALSE)+VLOOKUP($B18,'Tarifas e Resoluções'!$B$5:$M$44,8,FALSE)) -> 2.38718 | I18: =IFERROR(H18/(1-E18)/(1-D18),"") -> 3.0644159 | J18: =IFERROR(I18/G18-1,"") -> 0.044736013 | L18: =VLOOKUP(N18,Rascunho!$E$4:$G$43,2,FALSE) -> RGE Sul | M18: =VLOOKUP(N18,Rascunho!$E$4:$G$43,3,FALSE) -> RS | N18: =LARGE(Rascunho!$E$4:$E$43,14) -> 3.0202536
B19: ='Tarifas e Resoluções'!B19 -> Equatorial AL | C19: AL | D19: =VLOOKUP(C19,Rascunho!$B$3:$C$29,2,FALSE) -> 0.2 | E19: =E18 -> 0.05 | F19: =VLOOKUP($B19,'Tarifas e Resoluções'!$B$5:$M$44,2,FALSE)+VLOOKUP($B19,'Tarifas e Resoluções'!$B$5:$M$44,3,FALSE) -> 2.2295 | G19: =F19/(1-E19)/(1-D19) -> 2.9335526 | H19: =IF(VLOOKUP($B19,'Tarifas e Resoluções'!$B$5:$M$44,7,FALSE)="","",VLOOKUP($B19,'Tarifas e Resoluções'!$B$5:$M$44,7,FALSE)+VLOOKUP($B19,'Tarifas e Resoluções'!$B$5:$M$44,8,FALSE)) -> 2.25833 | I19: =IFERROR(H19/(1-E19)/(1-D19),"") -> 2.9714868 | J19: =IFERROR(I19/G19-1,"") -> 0.01293115 | L19: =VLOOKUP(N19,Rascunho!$E$4:$G$43,2,FALSE) -> Equatorial AL | M19: =VLOOKUP(N19,Rascunho!$E$4:$G$43,3,FALSE) -> AL | N19: =LARGE(Rascunho!$E$4:$E$43,15) -> 2.9714868
B20: ='Tarifas e Resoluções'!B20 -> COCEL | C20: PR | D20: =VLOOKUP(C20,Rascunho!$B$3:$C$29,2,FALSE) -> 0.195 | E20: =E19 -> 0.05 | F20: =VLOOKUP($B20,'Tarifas e Resoluções'!$B$5:$M$44,2,FALSE)+VLOOKUP($B20,'Tarifas e Resoluções'!$B$5:$M$44,3,FALSE) -> 1.50723 | G20: =F20/(1-E20)/(1-D20) -> 1.9708794 | H20: =IF(VLOOKUP($B20,'Tarifas e Resoluções'!$B$5:$M$44,7,FALSE)="","",VLOOKUP($B20,'Tarifas e Resoluções'!$B$5:$M$44,7,FALSE)+VLOOKUP($B20,'Tarifas e Resoluções'!$B$5:$M$44,8,FALSE)) -> 1.8448 | I20: =IFERROR(H20/(1-E20)/(1-D20),"") -> 2.4122916 | J20: =IFERROR(I20/G20-1,"") -> 0.22396715 | L20: =VLOOKUP(N20,Rascunho!$E$4:$G$43,2,FALSE) -> Energisa MT (EMT) | M20: =VLOOKUP(N20,Rascunho!$E$4:$G$43,3,FALSE) -> MT | N20: =LARGE(Rascunho!$E$4:$E$43,16) -> 2.9133545
B21: ='Tarifas e Resoluções'!B21 -> RGE Sul | C21: RS | D21: =VLOOKUP(C21,Rascunho!$B$3:$C$29,2,FALSE) -> 0.17 | E21: =E20 -> 0.05 | F21: =VLOOKUP($B21,'Tarifas e Resoluções'!$B$5:$M$44,2,FALSE)+VLOOKUP($B21,'Tarifas e Resoluções'!$B$5:$M$44,3,FALSE) -> 2.15126 | G21: =F21/(1-E21)/(1-D21) -> 2.7282942 | H21: =IF(VLOOKUP($B21,'Tarifas e Resoluções'!$B$5:$M$44,7,FALSE)="","",VLOOKUP($B21,'Tarifas e Resoluções'!$B$5:$M$44,7,FALSE)+VLOOKUP($B21,'Tarifas e Resoluções'!$B$5:$M$44,8,FALSE)) -> 2.38147 | I21: =IFERROR(H21/(1-E21)/(1-D21),"") -> 3.0202536 | J21: =IFERROR(I21/G21-1,"") -> 0.1070117 | L21: =VLOOKUP(N21,Rascunho!$E$4:$G$43,2,FALSE) -> Energisa SE (ESE) | M21: =VLOOKUP(N21,Rascunho!$E$4:$G$43,3,FALSE) -> SE | N21: =LARGE(Rascunho!$E$4:$E$43,17) -> 2.8709079
B22: ='Tarifas e Resoluções'!B22 -> Equatorial GO | C22: GO | D22: =VLOOKUP(C22,Rascunho!$B$3:$C$29,2,FALSE) -> 0.19 | E22: =E21 -> 0.05 | F22: =VLOOKUP($B22,'Tarifas e Resoluções'!$B$5:$M$44,2,FALSE)+VLOOKUP($B22,'Tarifas e Resoluções'!$B$5:$M$44,3,FALSE) -> 2.14105 | G22: =F22/(1-E22)/(1-D22) -> 2.7823912 | H22: =IF(VLOOKUP($B22,'Tarifas e Resoluções'!$B$5:$M$44,7,FALSE)="","",VLOOKUP($B22,'Tarifas e Resoluções'!$B$5:$M$44,7,FALSE)+VLOOKUP($B22,'Tarifas e Resoluções'!$B$5:$M$44,8,FALSE)) | I22: =IFERROR(H22/(1-E22)/(1-D22),"") | J22: =IFERROR(I22/G22-1,"") | L22: =VLOOKUP(N22,Rascunho!$E$4:$G$43,2,FALSE) -> Neoenergia Elektro (ELEKTRO) | M22: =VLOOKUP(N22,Rascunho!$E$4:$G$43,3,FALSE) -> SP | N22: =LARGE(Rascunho!$E$4:$E$43,18) -> 2.8291913
B23: ='Tarifas e Resoluções'!B23 -> Neoenergia RN (COSERN) | C23: RN | D23: =VLOOKUP(C23,Rascunho!$B$3:$C$29,2,FALSE) -> 0.18 | E23: =E22 -> 0.05 | F23: =VLOOKUP($B23,'Tarifas e Resoluções'!$B$5:$M$44,2,FALSE)+VLOOKUP($B23,'Tarifas e Resoluções'!$B$5:$M$44,3,FALSE) -> 2.35359 | G23: =F23/(1-E23)/(1-D23) -> 3.0212965 | H23: =IF(VLOOKUP($B23,'Tarifas e Resoluções'!$B$5:$M$44,7,FALSE)="","",VLOOKUP($B23,'Tarifas e Resoluções'!$B$5:$M$44,7,FALSE)+VLOOKUP($B23,'Tarifas e Resoluções'!$B$5:$M$44,8,FALSE)) -> 2.49522 | I23: =IFERROR(H23/(1-E23)/(1-D23),"") -> 3.2031065 | J23: =IFERROR(I23/G23-1,"") -> 0.060176156 | L23: =VLOOKUP(N23,Rascunho!$E$4:$G$43,2,FALSE) -> CPFL Santa Cruz | M23: =VLOOKUP(N23,Rascunho!$E$4:$G$43,3,FALSE) -> SP | N23: =LARGE(Rascunho!$E$4:$E$43,19) -> 2.8220154
B24: ='Tarifas e Resoluções'!B24 -> CELESC | C24: SC | D24: =VLOOKUP(C24,Rascunho!$B$3:$C$29,2,FALSE) -> 0.17 | E24: =E23 -> 0.05 | F24: =VLOOKUP($B24,'Tarifas e Resoluções'!$B$5:$M$44,2,FALSE)+VLOOKUP($B24,'Tarifas e Resoluções'!$B$5:$M$44,3,FALSE) -> 1.55304 | G24: =F24/(1-E24)/(1-D24) -> 1.9696132 | H24: =IF(VLOOKUP($B24,'Tarifas e Resoluções'!$B$5:$M$44,7,FALSE)="","",VLOOKUP($B24,'Tarifas e Resoluções'!$B$5:$M$44,7,FALSE)+VLOOKUP($B24,'Tarifas e Resoluções'!$B$5:$M$44,8,FALSE)) -> 1.71635 | I24: =IFERROR(H24/(1-E24)/(1-D24),"") -> 2.176728 | J24: =IFERROR(I24/G24-1,"") -> 0.10515505 | L24: =VLOOKUP(N24,Rascunho!$E$4:$G$43,2,FALSE) -> Roraima Energia (Boa Vista) | M24: =VLOOKUP(N24,Rascunho!$E$4:$G$43,3,FALSE) -> RR | N24: =LARGE(Rascunho!$E$4:$E$43,20) -> 2.8059079
B25: ='Tarifas e Resoluções'!B25 -> Roraima Energia (Boa Vista) | C25: RR | D25: =VLOOKUP(C25,Rascunho!$B$3:$C$29,2,FALSE) -> 0.2 | E25: =E24 -> 0.05 | F25: =VLOOKUP($B25,'Tarifas e Resoluções'!$B$5:$M$44,2,FALSE)+VLOOKUP($B25,'Tarifas e Resoluções'!$B$5:$M$44,3,FALSE) -> 1.76787 | G25: =F25/(1-E25)/(1-D25) -> 2.3261447 | H25: =IF(VLOOKUP($B25,'Tarifas e Resoluções'!$B$5:$M$44,7,FALSE)="","",VLOOKUP($B25,'Tarifas e Resoluções'!$B$5:$M$44,7,FALSE)+VLOOKUP($B25,'Tarifas e Resoluções'!$B$5:$M$44,8,FALSE)) -> 2.13249 | I25: =IFERROR(H25/(1-E25)/(1-D25),"") -> 2.8059079 | J25: =IFERROR(I25/G25-1,"") -> 0.2062482 | L25: =VLOOKUP(N25,Rascunho!$E$4:$G$43,2,FALSE) -> Equatorial GO | M25: =VLOOKUP(N25,Rascunho!$E$4:$G$43,3,FALSE) -> GO | N25: =LARGE(Rascunho!$E$4:$E$43,21) -> 2.7823912
B26: ='Tarifas e Resoluções'!B26 -> Neoenergia Elektro (ELEKTRO) | C26: SP | D26: =VLOOKUP(C26,Rascunho!$B$3:$C$29,2,FALSE) -> 0.18 | E26: =E25 -> 0.05 | F26: =VLOOKUP($B26,'Tarifas e Resoluções'!$B$5:$M$44,2,FALSE)+VLOOKUP($B26,'Tarifas e Resoluções'!$B$5:$M$44,3,FALSE) -> 2.40313 | G26: =F26/(1-E26)/(1-D26) -> 3.0848909 | H26: =IF(VLOOKUP($B26,'Tarifas e Resoluções'!$B$5:$M$44,7,FALSE)="","",VLOOKUP($B26,'Tarifas e Resoluções'!$B$5:$M$44,7,FALSE)+VLOOKUP($B26,'Tarifas e Resoluções'!$B$5:$M$44,8,FALSE)) -> 2.20394 | I26: =IFERROR(H26/(1-E26)/(1-D26),"") -> 2.8291913 | J26: =IFERROR(I26/G26-1,"") -> -0.082887734 | L26: =VLOOKUP(N26,Rascunho!$E$4:$G$43,2,FALSE) -> CEEE Equatorial | M26: =VLOOKUP(N26,Rascunho!$E$4:$G$43,3,FALSE) -> RS | N26: =LARGE(Rascunho!$E$4:$E$43,22) -> 2.7568294
B27: ='Tarifas e Resoluções'!B27 -> COPEL | C27: PR | D27: =VLOOKUP(C27,Rascunho!$B$3:$C$29,2,FALSE) -> 0.195 | E27: =E26 -> 0.05 | F27: =VLOOKUP($B27,'Tarifas e Resoluções'!$B$5:$M$44,2,FALSE)+VLOOKUP($B27,'Tarifas e Resoluções'!$B$5:$M$44,3,FALSE) -> 1.62525 | G27: =F27/(1-E27)/(1-D27) -> 2.1252043 | H27: =IF(VLOOKUP($B27,'Tarifas e Resoluções'!$B$5:$M$44,7,FALSE)="","",VLOOKUP($B27,'Tarifas e Resoluções'!$B$5:$M$44,7,FALSE)+VLOOKUP($B27,'Tarifas e Resoluções'!$B$5:$M$44,8,FALSE)) -> 1.93894 | I27: =IFERROR(H27/(1-E27)/(1-D27),"") -> 2.5353907 | J27: =IFERROR(I27/G27-1,"") -> 0.19301031 | L27: =VLOOKUP(N27,Rascunho!$E$4:$G$43,2,FALSE) -> SULGIPE | M27: =VLOOKUP(N27,Rascunho!$E$4:$G$43,3,FALSE) -> SE | N27: =LARGE(Rascunho!$E$4:$E$43,23) -> 2.7433026
B28: ='Tarifas e Resoluções'!B28 -> Enel CE | C28: CE | D28: =VLOOKUP(C28,Rascunho!$B$3:$C$29,2,FALSE) -> 0.2 | E28: =E27 -> 0.05 | F28: =VLOOKUP($B28,'Tarifas e Resoluções'!$B$5:$M$44,2,FALSE)+VLOOKUP($B28,'Tarifas e Resoluções'!$B$5:$M$44,3,FALSE) -> 1.53537 | G28: =F28/(1-E28)/(1-D28) -> 2.0202237 | H28: =IF(VLOOKUP($B28,'Tarifas e Resoluções'!$B$5:$M$44,7,FALSE)="","",VLOOKUP($B28,'Tarifas e Resoluções'!$B$5:$M$44,7,FALSE)+VLOOKUP($B28,'Tarifas e Resoluções'!$B$5:$M$44,8,FALSE)) -> 1.54397 | I28: =IFERROR(H28/(1-E28)/(1-D28),"") -> 2.0315395 | J28: =IFERROR(I28/G28-1,"") -> 0.0056012557 | L28: =VLOOKUP(N28,Rascunho!$E$4:$G$43,2,FALSE) -> CHESP | M28: =VLOOKUP(N28,Rascunho!$E$4:$G$43,3,FALSE) -> GO | N28: =LARGE(Rascunho!$E$4:$E$43,24) -> 2.7124886
B29: ='Tarifas e Resoluções'!B29 -> Energisa SE (ESE) | C29: SE | D29: =VLOOKUP(C29,Rascunho!$B$3:$C$29,2,FALSE) -> 0.2 | E29: =E28 -> 0.05 | F29: =VLOOKUP($B29,'Tarifas e Resoluções'!$B$5:$M$44,2,FALSE)+VLOOKUP($B29,'Tarifas e Resoluções'!$B$5:$M$44,3,FALSE) -> 2.12944 | G29: =F29/(1-E29)/(1-D29) -> 2.8018947 | H29: =IF(VLOOKUP($B29,'Tarifas e Resoluções'!$B$5:$M$44,7,FALSE)="","",VLOOKUP($B29,'Tarifas e Resoluções'!$B$5:$M$44,7,FALSE)+VLOOKUP($B29,'Tarifas e Resoluções'!$B$5:$M$44,8,FALSE)) -> 2.18189 | I29: =IFERROR(H29/(1-E29)/(1-D29),"") -> 2.8709079 | J29: =IFERROR(I29/G29-1,"") -> 0.024630889 | L29: =VLOOKUP(N29,Rascunho!$E$4:$G$43,2,FALSE) -> COPEL | M29: =VLOOKUP(N29,Rascunho!$E$4:$G$43,3,FALSE) -> PR | N29: =LARGE(Rascunho!$E$4:$E$43,25) -> 2.5353907
B30: ='Tarifas e Resoluções'!B30 -> CEEE Equatorial | C30: RS | D30: =VLOOKUP(C30,Rascunho!$B$3:$C$29,2,FALSE) -> 0.17 | E30: =E29 -> 0.05 | F30: =VLOOKUP($B30,'Tarifas e Resoluções'!$B$5:$M$44,2,FALSE)+VLOOKUP($B30,'Tarifas e Resoluções'!$B$5:$M$44,3,FALSE) -> 2.17376 | G30: =F30/(1-E30)/(1-D30) -> 2.7568294 | H30: =IF(VLOOKUP($B30,'Tarifas e Resoluções'!$B$5:$M$44,7,FALSE)="","",VLOOKUP($B30,'Tarifas e Resoluções'!$B$5:$M$44,7,FALSE)+VLOOKUP($B30,'Tarifas e Resoluções'!$B$5:$M$44,8,FALSE)) | I30: =IFERROR(H30/(1-E30)/(1-D30),"") | J30: =IFERROR(I30/G30-1,"") | L30: =VLOOKUP(N30,Rascunho!$E$4:$G$43,2,FALSE) -> EDP ES | M30: =VLOOKUP(N30,Rascunho!$E$4:$G$43,3,FALSE) -> ES | N30: =LARGE(Rascunho!$E$4:$E$43,26) -> 2.4406088
B31: ='Tarifas e Resoluções'!B31 -> CPFL Paulista | C31: SP | D31: =VLOOKUP(C31,Rascunho!$B$3:$C$29,2,FALSE) -> 0.18 | E31: =E30 -> 0.05 | F31: =VLOOKUP($B31,'Tarifas e Resoluções'!$B$5:$M$44,2,FALSE)+VLOOKUP($B31,'Tarifas e Resoluções'!$B$5:$M$44,3,FALSE) -> 1.73913 | G31: =F31/(1-E31)/(1-D31) -> 2.232516 | H31: =IF(VLOOKUP($B31,'Tarifas e Resoluções'!$B$5:$M$44,7,FALSE)="","",VLOOKUP($B31,'Tarifas e Resoluções'!$B$5:$M$44,7,FALSE)+VLOOKUP($B31,'Tarifas e Resoluções'!$B$5:$M$44,8,FALSE)) -> 1.78345 | I31: =IFERROR(H31/(1-E31)/(1-D31),"") -> 2.2894095 | J31: =IFERROR(I31/G31-1,"") -> 0.025484006 | L31: =VLOOKUP(N31,Rascunho!$E$4:$G$43,2,FALSE) -> COCEL | M31: =VLOOKUP(N31,Rascunho!$E$4:$G$43,3,FALSE) -> PR | N31: =LARGE(Rascunho!$E$4:$E$43,27) -> 2.4122916
B32: ='Tarifas e Resoluções'!B32 -> CPFL Piratininga | C32: SP | D32: =VLOOKUP(C32,Rascunho!$B$3:$C$29,2,FALSE) -> 0.18 | E32: =E31 -> 0.05 | F32: =VLOOKUP($B32,'Tarifas e Resoluções'!$B$5:$M$44,2,FALSE)+VLOOKUP($B32,'Tarifas e Resoluções'!$B$5:$M$44,3,FALSE) -> 1.45735 | G32: =F32/(1-E32)/(1-D32) -> 1.8707959 | H32: =IF(VLOOKUP($B32,'Tarifas e Resoluções'!$B$5:$M$44,7,FALSE)="","",VLOOKUP($B32,'Tarifas e Resoluções'!$B$5:$M$44,7,FALSE)+VLOOKUP($B32,'Tarifas e Resoluções'!$B$5:$M$44,8,FALSE)) | I32: =IFERROR(H32/(1-E32)/(1-D32),"") | J32: =IFERROR(I32/G32-1,"") | L32: =VLOOKUP(N32,Rascunho!$E$4:$G$43,2,FALSE) -> Energisa Sul-Sudeste (ESS) | M32: =VLOOKUP(N32,Rascunho!$E$4:$G$43,3,FALSE) -> SP | N32: =LARGE(Rascunho!$E$4:$E$43,28) -> 2.4054942
B33: ='Tarifas e Resoluções'!B33 -> EDP SP | C33: SP | D33: =VLOOKUP(C33,Rascunho!$B$3:$C$29,2,FALSE) -> 0.18 | E33: =E32 -> 0.05 | F33: =VLOOKUP($B33,'Tarifas e Resoluções'!$B$5:$M$44,2,FALSE)+VLOOKUP($B33,'Tarifas e Resoluções'!$B$5:$M$44,3,FALSE) -> 1.81466 | G33: =F33/(1-E33)/(1-D33) -> 2.3294737 | H33: =IF(VLOOKUP($B33,'Tarifas e Resoluções'!$B$5:$M$44,7,FALSE)="","",VLOOKUP($B33,'Tarifas e Resoluções'!$B$5:$M$44,7,FALSE)+VLOOKUP($B33,'Tarifas e Resoluções'!$B$5:$M$44,8,FALSE)) | I33: =IFERROR(H33/(1-E33)/(1-D33),"") | J33: =IFERROR(I33/G33-1,"") | L33: =VLOOKUP(N33,Rascunho!$E$4:$G$43,2,FALSE) -> Amazonas Energia | M33: =VLOOKUP(N33,Rascunho!$E$4:$G$43,3,FALSE) -> AM | N33: =LARGE(Rascunho!$E$4:$E$43,29) -> 2.3751447
B34: ='Tarifas e Resoluções'!B34 -> Neoenergia Brasília (CEB) | C34: DF | D34: =VLOOKUP(C34,Rascunho!$B$3:$C$29,2,FALSE) -> 0.2 | E34: =E33 -> 0.05 | F34: =VLOOKUP($B34,'Tarifas e Resoluções'!$B$5:$M$44,2,FALSE)+VLOOKUP($B34,'Tarifas e Resoluções'!$B$5:$M$44,3,FALSE) -> 1.52977 | G34: =F34/(1-E34)/(1-D34) -> 2.0128553 | H34: =IF(VLOOKUP($B34,'Tarifas e Resoluções'!$B$5:$M$44,7,FALSE)="","",VLOOKUP($B34,'Tarifas e Resoluções'!$B$5:$M$44,7,FALSE)+VLOOKUP($B34,'Tarifas e Resoluções'!$B$5:$M$44,8,FALSE)) | I34: =IFERROR(H34/(1-E34)/(1-D34),"") | J34: =IFERROR(I34/G34-1,"") | L34: =VLOOKUP(N34,Rascunho!$E$4:$G$43,2,FALSE) -> EDP SP | M34: =VLOOKUP(N34,Rascunho!$E$4:$G$43,3,FALSE) -> SP | N34: =LARGE(Rascunho!$E$4:$E$43,30) -> 2.3294737
B35: ='Tarifas e Resoluções'!B35 -> Enel RJ | C35: RJ | D35: =VLOOKUP(C35,Rascunho!$B$3:$C$29,2,FALSE) -> 0.22 | E35: =E34 -> 0.05 | F35: =VLOOKUP($B35,'Tarifas e Resoluções'!$B$5:$M$44,2,FALSE)+VLOOKUP($B35,'Tarifas e Resoluções'!$B$5:$M$44,3,FALSE) -> 2.37997 | G35: =F35/(1-E35)/(1-D35) -> 3.2118354 | H35: =IF(VLOOKUP($B35,'Tarifas e Resoluções'!$B$5:$M$44,7,FALSE)="","",VLOOKUP($B35,'Tarifas e Resoluções'!$B$5:$M$44,7,FALSE)+VLOOKUP($B35,'Tarifas e Resoluções'!$B$5:$M$44,8,FALSE)) -> 2.54698 | I35: =IFERROR(H35/(1-E35)/(1-D35),"") -> 3.43722 | J35: =IFERROR(I35/G35-1,"") -> 0.070173153 | L35: =VLOOKUP(N35,Rascunho!$E$4:$G$43,2,FALSE) -> CPFL Paulista | M35: =VLOOKUP(N35,Rascunho!$E$4:$G$43,3,FALSE) -> SP | N35: =LARGE(Rascunho!$E$4:$E$43,31) -> 2.2894095
B36: ='Tarifas e Resoluções'!B36 -> Enel SP (ELETROPAULO) | C36: SP | D36: =VLOOKUP(C36,Rascunho!$B$3:$C$29,2,FALSE) -> 0.18 | E36: =E35 -> 0.05 | F36: =VLOOKUP($B36,'Tarifas e Resoluções'!$B$5:$M$44,2,FALSE)+VLOOKUP($B36,'Tarifas e Resoluções'!$B$5:$M$44,3,FALSE) -> 1.2762 | G36: =F36/(1-E36)/(1-D36) -> 1.6382542 | H36: =IF(VLOOKUP($B36,'Tarifas e Resoluções'!$B$5:$M$44,7,FALSE)="","",VLOOKUP($B36,'Tarifas e Resoluções'!$B$5:$M$44,7,FALSE)+VLOOKUP($B36,'Tarifas e Resoluções'!$B$5:$M$44,8,FALSE)) -> 1.40483 | I36: =IFERROR(H36/(1-E36)/(1-D36),"") -> 1.8033761 | J36: =IFERROR(I36/G36-1,"") -> 0.10079141 | L36: =VLOOKUP(N36,Rascunho!$E$4:$G$43,2,FALSE) -> Energisa PB (EPB) | M36: =VLOOKUP(N36,Rascunho!$E$4:$G$43,3,FALSE) -> PB | N36: =LARGE(Rascunho!$E$4:$E$43,32) -> 2.2606447
B37: ='Tarifas e Resoluções'!B37 -> Amazonas Energia | C37: AM | D37: =VLOOKUP(C37,Rascunho!$B$3:$C$29,2,FALSE) -> 0.2 | E37: =E36 -> 0.05 | F37: =VLOOKUP($B37,'Tarifas e Resoluções'!$B$5:$M$44,2,FALSE)+VLOOKUP($B37,'Tarifas e Resoluções'!$B$5:$M$44,3,FALSE) -> 1.73009 | G37: =F37/(1-E37)/(1-D37) -> 2.2764342 | H37: =IF(VLOOKUP($B37,'Tarifas e Resoluções'!$B$5:$M$44,7,FALSE)="","",VLOOKUP($B37,'Tarifas e Resoluções'!$B$5:$M$44,7,FALSE)+VLOOKUP($B37,'Tarifas e Resoluções'!$B$5:$M$44,8,FALSE)) -> 1.80511 | I37: =IFERROR(H37/(1-E37)/(1-D37),"") -> 2.3751447 | J37: =IFERROR(I37/G37-1,"") -> 0.043361906 | L37: =VLOOKUP(N37,Rascunho!$E$4:$G$43,2,FALSE) -> FORCEL (Pacto Energia PR) | M37: =VLOOKUP(N37,Rascunho!$E$4:$G$43,3,FALSE) -> PR | N37: =LARGE(Rascunho!$E$4:$E$43,33) -> 2.2263354
B38: ='Tarifas e Resoluções'!B38 -> Energisa Sul-Sudeste (ESS) | C38: SP | D38: =VLOOKUP(C38,Rascunho!$B$3:$C$29,2,FALSE) -> 0.18 | E38: =E37 -> 0.05 | F38: =VLOOKUP($B38,'Tarifas e Resoluções'!$B$5:$M$44,2,FALSE)+VLOOKUP($B38,'Tarifas e Resoluções'!$B$5:$M$44,3,FALSE) -> 1.72994 | G38: =F38/(1-E38)/(1-D38) -> 2.2207189 | H38: =IF(VLOOKUP($B38,'Tarifas e Resoluções'!$B$5:$M$44,7,FALSE)="","",VLOOKUP($B38,'Tarifas e Resoluções'!$B$5:$M$44,7,FALSE)+VLOOKUP($B38,'Tarifas e Resoluções'!$B$5:$M$44,8,FALSE)) -> 1.87388 | I38: =IFERROR(H38/(1-E38)/(1-D38),"") -> 2.4054942 | J38: =IFERROR(I38/G38-1,"") -> 0.083205198 | L38: =VLOOKUP(N38,Rascunho!$E$4:$G$43,2,FALSE) -> LIGHT (LIGHT SESA) | M38: =VLOOKUP(N38,Rascunho!$E$4:$G$43,3,FALSE) -> RJ | N38: =LARGE(Rascunho!$E$4:$E$43,34) -> 2.1777868
B39: ='Tarifas e Resoluções'!B39 -> Equatorial AP (CEA) | C39: AP | D39: =VLOOKUP(C39,Rascunho!$B$3:$C$29,2,FALSE) -> 0.18 | E39: =E38 -> 0.05 | F39: =VLOOKUP($B39,'Tarifas e Resoluções'!$B$5:$M$44,2,FALSE)+VLOOKUP($B39,'Tarifas e Resoluções'!$B$5:$M$44,3,FALSE) -> 2.64311 | G39: =F39/(1-E39)/(1-D39) -> 3.3929525 | H39: =IF(VLOOKUP($B39,'Tarifas e Resoluções'!$B$5:$M$44,7,FALSE)="","",VLOOKUP($B39,'Tarifas e Resoluções'!$B$5:$M$44,7,FALSE)+VLOOKUP($B39,'Tarifas e Resoluções'!$B$5:$M$44,8,FALSE)) -> 3.26293 | I39: =IFERROR(H39/(1-E39)/(1-D39),"") -> 4.1886136 | J39: =IFERROR(I39/G39-1,"") -> 0.23450405 | L39: =VLOOKUP(N39,Rascunho!$E$4:$G$43,2,FALSE) -> CELESC | M39: =VLOOKUP(N39,Rascunho!$E$4:$G$43,3,FALSE) -> SC | N39: =LARGE(Rascunho!$E$4:$E$43,35) -> 2.176728
B40: ='Tarifas e Resoluções'!B40 -> CHESP | C40: GO | D40: =VLOOKUP(C40,Rascunho!$B$3:$C$29,2,FALSE) -> 0.19 | E40: =E39 -> 0.05 | F40: =VLOOKUP($B40,'Tarifas e Resoluções'!$B$5:$M$44,2,FALSE)+VLOOKUP($B40,'Tarifas e Resoluções'!$B$5:$M$44,3,FALSE) -> 2.08726 | G40: =F40/(1-E40)/(1-D40) -> 2.7124886 | H40: =IF(VLOOKUP($B40,'Tarifas e Resoluções'!$B$5:$M$44,7,FALSE)="","",VLOOKUP($B40,'Tarifas e Resoluções'!$B$5:$M$44,7,FALSE)+VLOOKUP($B40,'Tarifas e Resoluções'!$B$5:$M$44,8,FALSE)) | I40: =IFERROR(H40/(1-E40)/(1-D40),"") | J40: =IFERROR(I40/G40-1,"") | L40: =VLOOKUP(N40,Rascunho!$E$4:$G$43,2,FALSE) -> Neoenergia PE | M40: =VLOOKUP(N40,Rascunho!$E$4:$G$43,3,FALSE) -> PE | N40: =LARGE(Rascunho!$E$4:$E$43,36) -> 2.0731678
B41: ='Tarifas e Resoluções'!B41 -> CPFL Santa Cruz | C41: SP | D41: =VLOOKUP(C41,Rascunho!$B$3:$C$29,2,FALSE) -> 0.18 | E41: =E40 -> 0.05 | F41: =VLOOKUP($B41,'Tarifas e Resoluções'!$B$5:$M$44,2,FALSE)+VLOOKUP($B41,'Tarifas e Resoluções'!$B$5:$M$44,3,FALSE) -> 1.88547 | G41: =F41/(1-E41)/(1-D41) -> 2.4203723 | H41: =IF(VLOOKUP($B41,'Tarifas e Resoluções'!$B$5:$M$44,7,FALSE)="","",VLOOKUP($B41,'Tarifas e Resoluções'!$B$5:$M$44,7,FALSE)+VLOOKUP($B41,'Tarifas e Resoluções'!$B$5:$M$44,8,FALSE)) -> 2.19835 | I41: =IFERROR(H41/(1-E41)/(1-D41),"") -> 2.8220154 | J41: =IFERROR(I41/G41-1,"") -> 0.16594271 | L41: =VLOOKUP(N41,Rascunho!$E$4:$G$43,2,FALSE) -> Enel CE | M41: =VLOOKUP(N41,Rascunho!$E$4:$G$43,3,FALSE) -> CE | N41: =LARGE(Rascunho!$E$4:$E$43,37) -> 2.0315395
B42: ='Tarifas e Resoluções'!B42 -> Energisa Minas Rio (EMR) | C42: MG | D42: =VLOOKUP(C42,Rascunho!$B$3:$C$29,2,FALSE) -> 0.18 | E42: =E41 -> 0.05 | F42: =VLOOKUP($B42,'Tarifas e Resoluções'!$B$5:$M$44,2,FALSE)+VLOOKUP($B42,'Tarifas e Resoluções'!$B$5:$M$44,3,FALSE) -> 2.59394 | G42: =F42/(1-E42)/(1-D42) -> 3.3298331 | H42: =IF(VLOOKUP($B42,'Tarifas e Resoluções'!$B$5:$M$44,7,FALSE)="","",VLOOKUP($B42,'Tarifas e Resoluções'!$B$5:$M$44,7,FALSE)+VLOOKUP($B42,'Tarifas e Resoluções'!$B$5:$M$44,8,FALSE)) -> 2.49851 | I42: =IFERROR(H42/(1-E42)/(1-D42),"") -> 3.2073299 | J42: =IFERROR(I42/G42-1,"") -> -0.036789594 | L42: =VLOOKUP(N42,Rascunho!$E$4:$G$43,2,FALSE) -> Neoenergia Brasília (CEB) | M42: =VLOOKUP(N42,Rascunho!$E$4:$G$43,3,FALSE) -> DF | N42: =LARGE(Rascunho!$E$4:$E$43,38) -> 2.0128553
B43: ='Tarifas e Resoluções'!B43 -> EDP ES | C43: ES | D43: =VLOOKUP(C43,Rascunho!$B$3:$C$29,2,FALSE) -> 0.17 | E43: =E42 -> 0.05 | F43: =VLOOKUP($B43,'Tarifas e Resoluções'!$B$5:$M$44,2,FALSE)+VLOOKUP($B43,'Tarifas e Resoluções'!$B$5:$M$44,3,FALSE) -> 1.80088 | G43: =F43/(1-E43)/(1-D43) -> 2.2839315 | H43: =IF(VLOOKUP($B43,'Tarifas e Resoluções'!$B$5:$M$44,7,FALSE)="","",VLOOKUP($B43,'Tarifas e Resoluções'!$B$5:$M$44,7,FALSE)+VLOOKUP($B43,'Tarifas e Resoluções'!$B$5:$M$44,8,FALSE)) -> 1.92442 | I43: =IFERROR(H43/(1-E43)/(1-D43),"") -> 2.4406088 | J43: =IFERROR(I43/G43-1,"") -> 0.068599796 | L43: =VLOOKUP(N43,Rascunho!$E$4:$G$43,2,FALSE) -> CPFL Piratininga | M43: =VLOOKUP(N43,Rascunho!$E$4:$G$43,3,FALSE) -> SP | N43: =LARGE(Rascunho!$E$4:$E$43,39) -> 1.8707959
B44: ='Tarifas e Resoluções'!B44 -> FORCEL (Pacto Energia PR) | C44: PR | D44: =VLOOKUP(C44,Rascunho!$B$3:$C$29,2,FALSE) -> 0.195 | E44: =E43 -> 0.05 | F44: =VLOOKUP($B44,'Tarifas e Resoluções'!$B$5:$M$44,2,FALSE)+VLOOKUP($B44,'Tarifas e Resoluções'!$B$5:$M$44,3,FALSE) -> 1.70259 | G44: =F44/(1-E44)/(1-D44) -> 2.2263354 | H44: =IF(VLOOKUP($B44,'Tarifas e Resoluções'!$B$5:$M$44,7,FALSE)="","",VLOOKUP($B44,'Tarifas e Resoluções'!$B$5:$M$44,7,FALSE)+VLOOKUP($B44,'Tarifas e Resoluções'!$B$5:$M$44,8,FALSE)) | I44: =IFERROR(H44/(1-E44)/(1-D44),"") | J44: =IFERROR(I44/G44-1,"") | L44: =VLOOKUP(N44,Rascunho!$E$4:$G$43,2,FALSE) -> Enel SP (ELETROPAULO) | M44: =VLOOKUP(N44,Rascunho!$E$4:$G$43,3,FALSE) -> SP | N44: =LARGE(Rascunho!$E$4:$E$43,40) -> 1.8033761

Sheet Tarifas Ponta Livre
B2: Tarifas Mercado Livre de Energia - Energia I50
B3: Concessionárias | C3: Estado | D3: ICMS | E3: PIS/COFINS | F3: ANTERIOR | H3: ATUAL | J3: Reajuste | L3: RANKING TUSD Ponta - Mercado Livre - I5
F4: TUSD P | H4: TUSD P
F5: S/ Imp | G5: C/ Imp | H5: S/ Imp | I5: C/ Imp | L5: Concessionária | M5: Estado | N5: Tarifa Ponta
B6: ='Tarifas e Resoluções'!B5 -> Equatorial PA | C6: PA | D6: =VLOOKUP(C6,Rascunho!$B$3:$C$29,2,FALSE) -> 0.19 | E6: 0.05 | F6: =((VLOOKUP($B6,'Tarifas e Resoluções'!$B$5:$M$44,2,FALSE)-VLOOKUP($B6,'Tarifas e Resoluções'!$B$5:$M$44,4,FALSE))*0.5)+VLOOKUP($B6,'Tarifas e Resoluções'!$B$5:$M$44,4,FALSE) -> 1.36722 | G6: =F6/(1-E6)/(1-D6)+((VLOOKUP($B6,'Tarifas e Resoluções'!$B$5:$M$44,2,FALSE)-F6)/(1-E6)/(1-D6)-(VLOOKUP($B6,'Tarifas e Resoluções'!$B$5:$M$44,2,FALSE)-F6)) -> 2.1408193 | H6: =IF(VLOOKUP($B6,'Tarifas e Resoluções'!$B$5:$M$44,7,FALSE)="","",((VLOOKUP($B6,'Tarifas e Resoluções'!$B$5:$M$44,7,FALSE)-VLOOKUP($B6,'Tarifas e Resoluções'!$B$5:$M$44,9,FALSE))*0.5)+VLOOKUP($B6,'Tarifas e Resoluções'!$B$5:$M$44,9,FALSE)) -> 1.35622 | I6: =IFERROR(H6/(1-E6)/(1-D6)+((VLOOKUP($B6,'Tarifas e Resoluções'!$B$5:$M$44,7,FALSE)-H6)/(1-E6)/(1-D6)-(VLOOKUP($B6,'Tarifas e Resoluções'!$B$5:$M$44,7,FALSE)-H6)),"") -> 2.1112146 | J6: =IFERROR(I6/G6-1,"") -> -0.013828701 | L6: =VLOOKUP(N6,Rascunho!$I$4:$K$43,2,FALSE) -> Equatorial AP (CEA) | M6: =VLOOKUP(N6,Rascunho!$I$4:$K$43,3,FALSE) -> AP | N6: =LARGE(Rascunho!$I$4:$I$43,1) -> 2.4825868 | O6: 1
B7: ='Tarifas e Resoluções'!B6 -> Energisa TO (ETO) | C7: TO | D7: =VLOOKUP(C7,Rascunho!$B$3:$C$29,2,FALSE) -> 0.2 | E7: =E6 -> 0.05 | F7: =((VLOOKUP($B7,'Tarifas e Resoluções'!$B$5:$M$44,2,FALSE)-VLOOKUP($B7,'Tarifas e Resoluções'!$B$5:$M$44,4,FALSE))*0.5)+VLOOKUP($B7,'Tarifas e Resoluções'!$B$5:$M$44,4,FALSE) -> 1.07247 | G7: =F7/(1-E7)/(1-D7)+((VLOOKUP($B7,'Tarifas e Resoluções'!$B$5:$M$44,2,FALSE)-F7)/(1-E7)/(1-D7)-(VLOOKUP($B7,'Tarifas e Resoluções'!$B$5:$M$44,2,FALSE)-F7)) -> 1.7160521 | H7: =IF(VLOOKUP($B7,'Tarifas e Resoluções'!$B$5:$M$44,7,FALSE)="","",((VLOOKUP($B7,'Tarifas e Resoluções'!$B$5:$M$44,7,FALSE)-VLOOKUP($B7,'Tarifas e Resoluções'!$B$5:$M$44,9,FALSE))*0.5)+VLOOKUP($B7,'Tarifas e Resoluções'!$B$5:$M$44,9,FALSE)) -> 1.110235 | I7: =IFERROR(H7/(1-E7)/(1-D7)+((VLOOKUP($B7,'Tarifas e Resoluções'!$B$5:$M$44,7,FALSE)-H7)/(1-E7)/(1-D7)-(VLOOKUP($B7,'Tarifas e Resoluções'!$B$5:$M$44,7,FALSE)-H7)),"") -> 1.7695939 | J7: =IFERROR(I7/G7-1,"") -> 0.031200592 | L7: =VLOOKUP(N7,Rascunho!$I$4:$K$43,2,FALSE) -> Energisa AC (EAC) | M7: =VLOOKUP(N7,Rascunho!$I$4:$K$43,3,FALSE) -> AC | N7: =LARGE(Rascunho!$I$4:$I$43,2) -> 2.273492 | O7: 2
B8: ='Tarifas e Resoluções'!B7 -> Equatorial MA | C8: MA | D8: =VLOOKUP(C8,Rascunho!$B$3:$C$29,2,FALSE) -> 0.22 | E8: =E7 -> 0.05 | F8: =((VLOOKUP($B8,'Tarifas e Resoluções'!$B$5:$M$44,2,FALSE)-VLOOKUP($B8,'Tarifas e Resoluções'!$B$5:$M$44,4,FALSE))*0.5)+VLOOKUP($B8,'Tarifas e Resoluções'!$B$5:$M$44,4,FALSE) -> 1.24681 | G8: =F8/(1-E8)/(1-D8)+((VLOOKUP($B8,'Tarifas e Resoluções'!$B$5:$M$44,2,FALSE)-F8)/(1-E8)/(1-D8)-(VLOOKUP($B8,'Tarifas e Resoluções'!$B$5:$M$44,2,FALSE)-F8)) -> 2.0778015 | H8: =IF(VLOOKUP($B8,'Tarifas e Resoluções'!$B$5:$M$44,7,FALSE)="","",((VLOOKUP($B8,'Tarifas e Resoluções'!$B$5:$M$44,7,FALSE)-VLOOKUP($B8,'Tarifas e Resoluções'!$B$5:$M$44,9,FALSE))*0.5)+VLOOKUP($B8,'Tarifas e Resoluções'!$B$5:$M$44,9,FALSE)) -> 1.274185 | I8: =IFERROR(H8/(1-E8)/(1-D8)+((VLOOKUP($B8,'Tarifas e Resoluções'!$B$5:$M$44,7,FALSE)-H8)/(1-E8)/(1-D8)-(VLOOKUP($B8,'Tarifas e Resoluções'!$B$5:$M$44,7,FALSE)-H8)),"") -> 2.1106886 | J8: =IFERROR(I8/G8-1,"") -> 0.015827812 | L8: =VLOOKUP(N8,Rascunho!$I$4:$K$43,2,FALSE) -> Energisa RO (ERO) | M8: =VLOOKUP(N8,Rascunho!$I$4:$K$43,3,FALSE) -> RO | N8: =LARGE(Rascunho!$I$4:$I$43,3) -> 2.1202749 | O8: 3
B9: ='Tarifas e Resoluções'!B8 -> Energisa AC (EAC) | C9: AC | D9: =VLOOKUP(C9,Rascunho!$B$3:$C$29,2,FALSE) -> 0.19 | E9: =E8 -> 0.05 | F9: =((VLOOKUP($B9,'Tarifas e Resoluções'!$B$5:$M$44,2,FALSE)-VLOOKUP($B9,'Tarifas e Resoluções'!$B$5:$M$44,4,FALSE))*0.5)+VLOOKUP($B9,'Tarifas e Resoluções'!$B$5:$M$44,4,FALSE) -> 1.4486465 | G9: =F9/(1-E9)/(1-D9)+((VLOOKUP($B9,'Tarifas e Resoluções'!$B$5:$M$44,2,FALSE)-F9)/(1-E9)/(1-D9)-(VLOOKUP($B9,'Tarifas e Resoluções'!$B$5:$M$44,2,FALSE)-F9)) -> 2.273492 | H9: =IF(VLOOKUP($B9,'Tarifas e Resoluções'!$B$5:$M$44,7,FALSE)="","",((VLOOKUP($B9,'Tarifas e Resoluções'!$B$5:$M$44,7,FALSE)-VLOOKUP($B9,'Tarifas e Resoluções'!$B$5:$M$44,9,FALSE))*0.5)+VLOOKUP($B9,'Tarifas e Resoluções'!$B$5:$M$44,9,FALSE)) | I9: =IFERROR(H9/(1-E9)/(1-D9)+((VLOOKUP($B9,'Tarifas e Resoluções'!$B$5:$M$44,7,FALSE)-H9)/(1-E9)/(1-D9)-(VLOOKUP($B9,'Tarifas e Resoluções'!$B$5:$M$44,7,FALSE)-H9)),"") | J9: =IFERROR(I9/G9-1,"") | L9: =VLOOKUP(N9,Rascunho!$I$4:$K$43,2,FALSE) -> Equatorial PA | M9: =VLOOKUP(N9,Rascunho!$I$4:$K$43,3,FALSE) -> PA | N9: =LARGE(Rascunho!$I$4:$I$43,4) -> 2.1112146 | O9: 4
B10: ='Tarifas e Resoluções'!B9 -> Energisa RO (ERO) | C10: RO | D10: =VLOOKUP(C10,Rascunho!$B$3:$C$29,2,FALSE) -> 0.195 | E10: =E9 -> 0.05 | F10: =((VLOOKUP($B10,'Tarifas e Resoluções'!$B$5:$M$44,2,FALSE)-VLOOKUP($B10,'Tarifas e Resoluções'!$B$5:$M$44,4,FALSE))*0.5)+VLOOKUP($B10,'Tarifas e Resoluções'!$B$5:$M$44,4,FALSE) -> 1.342035 | G10: =F10/(1-E10)/(1-D10)+((VLOOKUP($B10,'Tarifas e Resoluções'!$B$5:$M$44,2,FALSE)-F10)/(1-E10)/(1-D10)-(VLOOKUP($B10,'Tarifas e Resoluções'!$B$5:$M$44,2,FALSE)-F10)) -> 2.1202749 | H10: =IF(VLOOKUP($B10,'Tarifas e Resoluções'!$B$5:$M$44,7,FALSE)="","",((VLOOKUP($B10,'Tarifas e Resoluções'!$B$5:$M$44,7,FALSE)-VLOOKUP($B10,'Tarifas e Resoluções'!$B$5:$M$44,9,FALSE))*0.5)+VLOOKUP($B10,'Tarifas e Resoluções'!$B$5:$M$44,9,FALSE)) | I10: =IFERROR(H10/(1-E10)/(1-D10)+((VLOOKUP($B10,'Tarifas e Resoluções'!$B$5:$M$44,7,FALSE)-H10)/(1-E10)/(1-D10)-(VLOOKUP($B10,'Tarifas e Resoluções'!$B$5:$M$44,7,FALSE)-H10)),"") | J10: =IFERROR(I10/G10-1,"") | L10: =VLOOKUP(N10,Rascunho!$I$4:$K$43,2,FALSE) -> Equatorial MA | M10: =VLOOKUP(N10,Rascunho!$I$4:$K$43,3,FALSE) -> MA | N10: =LARGE(Rascunho!$I$4:$I$43,5) -> 2.1106886 | O10: 5
B11: ='Tarifas e Resoluções'!B10 -> LIGHT (LIGHT SESA) | C11: RJ | D11: =VLOOKUP(C11,Rascunho!$B$3:$C$29,2,FALSE) -> 0.22 | E11: =E10 -> 0.05 | F11: =((VLOOKUP($B11,'Tarifas e Resoluções'!$B$5:$M$44,2,FALSE)-VLOOKUP($B11,'Tarifas e Resoluções'!$B$5:$M$44,4,FALSE))*0.5)+VLOOKUP($B11,'Tarifas e Resoluções'!$B$5:$M$44,4,FALSE) -> 0.642155 | G11: =F11/(1-E11)/(1-D11)+((VLOOKUP($B11,'Tarifas e Resoluções'!$B$5:$M$44,2,FALSE)-F11)/(1-E11)/(1-D11)-(VLOOKUP($B11,'Tarifas e Resoluções'!$B$5:$M$44,2,FALSE)-F11)) -> 1.0346082 | H11: =IF(VLOOKUP($B11,'Tarifas e Resoluções'!$B$5:$M$44,7,FALSE)="","",((VLOOKUP($B11,'Tarifas e Resoluções'!$B$5:$M$44,7,FALSE)-VLOOKUP($B11,'Tarifas e Resoluções'!$B$5:$M$44,9,FALSE))*0.5)+VLOOKUP($B11,'Tarifas e Resoluções'!$B$5:$M$44,9,FALSE)) -> 0.695665 | I11: =IFERROR(H11/(1-E11)/(1-D11)+((VLOOKUP($B11,'Tarifas e Resoluções'!$B$5:$M$44,7,FALSE)-H11)/(1-E11)/(1-D11)-(VLOOKUP($B11,'Tarifas e Resoluções'!$B$5:$M$44,7,FALSE)-H11)),"") -> 1.1068214 | J11: =IFERROR(I11/G11-1,"") -> 0.069797657 | L11: =VLOOKUP(N11,Rascunho!$I$4:$K$43,2,FALSE) -> Equatorial PI | M11: =VLOOKUP(N11,Rascunho!$I$4:$K$43,3,FALSE) -> PI | N11: =LARGE(Rascunho!$I$4:$I$43,6) -> 2.0411516 | O11: 6
B12: ='Tarifas e Resoluções'!B11 -> Energisa MT (EMT) | C12: MT | D12: =VLOOKUP(C12,Rascunho!$B$3:$C$29,2,FALSE) -> 0.17 | E12: =E11 -> 0.05 | F12: =((VLOOKUP($B12,'Tarifas e Resoluções'!$B$5:$M$44,2,FALSE)-VLOOKUP($B12,'Tarifas e Resoluções'!$B$5:$M$44,4,FALSE))*0.5)+VLOOKUP($B12,'Tarifas e Resoluções'!$B$5:$M$44,4,FALSE) -> 0.92217 | G12: =F12/(1-E12)/(1-D12)+((VLOOKUP($B12,'Tarifas e Resoluções'!$B$5:$M$44,2,FALSE)-F12)/(1-E12)/(1-D12)-(VLOOKUP($B12,'Tarifas e Resoluções'!$B$5:$M$44,2,FALSE)-F12)) -> 1.3817272 | H12: =IF(VLOOKUP($B12,'Tarifas e Resoluções'!$B$5:$M$44,7,FALSE)="","",((VLOOKUP($B12,'Tarifas e Resoluções'!$B$5:$M$44,7,FALSE)-VLOOKUP($B12,'Tarifas e Resoluções'!$B$5:$M$44,9,FALSE))*0.5)+VLOOKUP($B12,'Tarifas e Resoluções'!$B$5:$M$44,9,FALSE)) -> 0.98696 | I12: =IFERROR(H12/(1-E12)/(1-D12)+((VLOOKUP($B12,'Tarifas e Resoluções'!$B$5:$M$44,7,FALSE)-H12)/(1-E12)/(1-D12)-(VLOOKUP($B12,'Tarifas e Resoluções'!$B$5:$M$44,7,FALSE)-H12)),"") -> 1.471916 | J12: =IFERROR(I12/G12-1,"") -> 0.065272492 | L12: =VLOOKUP(N12,Rascunho!$I$4:$K$43,2,FALSE) -> Neoenergia BA (COELBA) | M12: =VLOOKUP(N12,Rascunho!$I$4:$K$43,3,FALSE) -> BA | N12: =LARGE(Rascunho!$I$4:$I$43,7) -> 2.0254475 | O12: 7
B13: ='Tarifas e Resoluções'!B12 -> Energisa PB (EPB) | C13: PB | D13: =VLOOKUP(C13,Rascunho!$B$3:$C$29,2,FALSE) -> 0.2 | E13: =E12 -> 0.05 | F13: =((VLOOKUP($B13,'Tarifas e Resoluções'!$B$5:$M$44,2,FALSE)-VLOOKUP($B13,'Tarifas e Resoluções'!$B$5:$M$44,4,FALSE))*0.5)+VLOOKUP($B13,'Tarifas e Resoluções'!$B$5:$M$44,4,FALSE) -> 0.690025 | G13: =F13/(1-E13)/(1-D13)+((VLOOKUP($B13,'Tarifas e Resoluções'!$B$5:$M$44,2,FALSE)-F13)/(1-E13)/(1-D13)-(VLOOKUP($B13,'Tarifas e Resoluções'!$B$5:$M$44,2,FALSE)-F13)) -> 1.0947218 | H13: =IF(VLOOKUP($B13,'Tarifas e Resoluções'!$B$5:$M$44,7,FALSE)="","",((VLOOKUP($B13,'Tarifas e Resoluções'!$B$5:$M$44,7,FALSE)-VLOOKUP($B13,'Tarifas e Resoluções'!$B$5:$M$44,9,FALSE))*0.5)+VLOOKUP($B13,'Tarifas e Resoluções'!$B$5:$M$44,9,FALSE)) -> 0.70821 | I13: =IFERROR(H13/(1-E13)/(1-D13)+((VLOOKUP($B13,'Tarifas e Resoluções'!$B$5:$M$44,7,FALSE)-H13)/(1-E13)/(1-D13)-(VLOOKUP($B13,'Tarifas e Resoluções'!$B$5:$M$44,7,FALSE)-H13)),"") -> 1.1155468 | J13: =IFERROR(I13/G13-1,"") -> 0.019023097 | L13: =VLOOKUP(N13,Rascunho!$I$4:$K$43,2,FALSE) -> Enel RJ | M13: =VLOOKUP(N13,Rascunho!$I$4:$K$43,3,FALSE) -> RJ | N13: =LARGE(Rascunho!$I$4:$I$43,8) -> 1.8595048 | O13: 8
B14: ='Tarifas e Resoluções'!B13 -> SULGIPE | C14: SE | D14: =VLOOKUP(C14,Rascunho!$B$3:$C$29,2,FALSE) -> 0.2 | E14: =E13 -> 0.05 | F14: =((VLOOKUP($B14,'Tarifas e Resoluções'!$B$5:$M$44,2,FALSE)-VLOOKUP($B14,'Tarifas e Resoluções'!$B$5:$M$44,4,FALSE))*0.5)+VLOOKUP($B14,'Tarifas e Resoluções'!$B$5:$M$44,4,FALSE) -> 0.893935 | G14: =F14/(1-E14)/(1-D14)+((VLOOKUP($B14,'Tarifas e Resoluções'!$B$5:$M$44,2,FALSE)-F14)/(1-E14)/(1-D14)-(VLOOKUP($B14,'Tarifas e Resoluções'!$B$5:$M$44,2,FALSE)-F14)) -> 1.4317055 | H14: =IF(VLOOKUP($B14,'Tarifas e Resoluções'!$B$5:$M$44,7,FALSE)="","",((VLOOKUP($B14,'Tarifas e Resoluções'!$B$5:$M$44,7,FALSE)-VLOOKUP($B14,'Tarifas e Resoluções'!$B$5:$M$44,9,FALSE))*0.5)+VLOOKUP($B14,'Tarifas e Resoluções'!$B$5:$M$44,9,FALSE)) -> 0.920555 | I14: =IFERROR(H14/(1-E14)/(1-D14)+((VLOOKUP($B14,'Tarifas e Resoluções'!$B$5:$M$44,7,FALSE)-H14)/(1-E14)/(1-D14)-(VLOOKUP($B14,'Tarifas e Resoluções'!$B$5:$M$44,7,FALSE)-H14)),"") -> 1.4633276 | J14: =IFERROR(I14/G14-1,"") -> 0.022087018 | L14: =VLOOKUP(N14,Rascunho!$I$4:$K$43,2,FALSE) -> Energisa TO (ETO) | M14: =VLOOKUP(N14,Rascunho!$I$4:$K$43,3,FALSE) -> TO | N14: =LARGE(Rascunho!$I$4:$I$43,9) -> 1.7695939 | O14: 9
B15: ='Tarifas e Resoluções'!B14 -> Neoenergia PE | C15: PE | D15: =VLOOKUP(C15,Rascunho!$B$3:$C$29,2,FALSE) -> 0.205 | E15: =E14 -> 0.05 | F15: =((VLOOKUP($B15,'Tarifas e Resoluções'!$B$5:$M$44,2,FALSE)-VLOOKUP($B15,'Tarifas e Resoluções'!$B$5:$M$44,4,FALSE))*0.5)+VLOOKUP($B15,'Tarifas e Resoluções'!$B$5:$M$44,4,FALSE) -> 0.669545 | G15: =F15/(1-E15)/(1-D15)+((VLOOKUP($B15,'Tarifas e Resoluções'!$B$5:$M$44,2,FALSE)-F15)/(1-E15)/(1-D15)-(VLOOKUP($B15,'Tarifas e Resoluções'!$B$5:$M$44,2,FALSE)-F15)) -> 1.0728146 | H15: =IF(VLOOKUP($B15,'Tarifas e Resoluções'!$B$5:$M$44,7,FALSE)="","",((VLOOKUP($B15,'Tarifas e Resoluções'!$B$5:$M$44,7,FALSE)-VLOOKUP($B15,'Tarifas e Resoluções'!$B$5:$M$44,9,FALSE))*0.5)+VLOOKUP($B15,'Tarifas e Resoluções'!$B$5:$M$44,9,FALSE)) -> 0.625825 | I15: =IFERROR(H15/(1-E15)/(1-D15)+((VLOOKUP($B15,'Tarifas e Resoluções'!$B$5:$M$44,7,FALSE)-H15)/(1-E15)/(1-D15)-(VLOOKUP($B15,'Tarifas e Resoluções'!$B$5:$M$44,7,FALSE)-H15)),"") -> 0.99138963 | J15: =IFERROR(I15/G15-1,"") -> -0.075898436 | L15: =VLOOKUP(N15,Rascunho!$I$4:$K$43,2,FALSE) -> Neoenergia RN (COSERN) | M15: =VLOOKUP(N15,Rascunho!$I$4:$K$43,3,FALSE) -> RN | N15: =LARGE(Rascunho!$I$4:$I$43,10) -> 1.6335831 | O15: 10
B16: ='Tarifas e Resoluções'!B15 -> Neoenergia BA (COELBA) | C16: BA | D16: =VLOOKUP(C16,Rascunho!$B$3:$C$29,2,FALSE) -> 0.1295 | E16: =E15 -> 0.05 | F16: =((VLOOKUP($B16,'Tarifas e Resoluções'!$B$5:$M$44,2,FALSE)-VLOOKUP($B16,'Tarifas e Resoluções'!$B$5:$M$44,4,FALSE))*0.5)+VLOOKUP($B16,'Tarifas e Resoluções'!$B$5:$M$44,4,FALSE) -> 1.38873 | G16: =F16/(1-E16)/(1-D16)+((VLOOKUP($B16,'Tarifas e Resoluções'!$B$5:$M$44,2,FALSE)-F16)/(1-E16)/(1-D16)-(VLOOKUP($B16,'Tarifas e Resoluções'!$B$5:$M$44,2,FALSE)-F16)) -> 1.9486282 | H16: =IF(VLOOKUP($B16,'Tarifas e Resoluções'!$B$5:$M$44,7,FALSE)="","",((VLOOKUP($B16,'Tarifas e Resoluções'!$B$5:$M$44,7,FALSE)-VLOOKUP($B16,'Tarifas e Resoluções'!$B$5:$M$44,9,FALSE))*0.5)+VLOOKUP($B16,'Tarifas e Resoluções'!$B$5:$M$44,9,FALSE)) -> 1.448445 | I16: =IFERROR(H16/(1-E16)/(1-D16)+((VLOOKUP($B16,'Tarifas e Resoluções'!$B$5:$M$44,7,FALSE)-H16)/(1-E16)/(1-D16)-(VLOOKUP($B16,'Tarifas e Resoluções'!$B$5:$M$44,7,FALSE)-H16)),"") -> 2.0254475 | J16: =IFERROR(I16/G16-1,"") -> 0.039422224 | L16: =VLOOKUP(N16,Rascunho!$I$4:$K$43,2,FALSE) -> Equatorial AL | M16: =VLOOKUP(N16,Rascunho!$I$4:$K$43,3,FALSE) -> AL | N16: =LARGE(Rascunho!$I$4:$I$43,11) -> 1.6156945 | O16: 11
B17: ='Tarifas e Resoluções'!B16 -> Equatorial PI | C17: PI | D17: =VLOOKUP(C17,Rascunho!$B$3:$C$29,2,FALSE) -> 0.225 | E17: =E16 -> 0.05 | F17: =((VLOOKUP($B17,'Tarifas e Resoluções'!$B$5:$M$44,2,FALSE)-VLOOKUP($B17,'Tarifas e Resoluções'!$B$5:$M$44,4,FALSE))*0.5)+VLOOKUP($B17,'Tarifas e Resoluções'!$B$5:$M$44,4,FALSE) -> 1.21842 | G17: =F17/(1-E17)/(1-D17)+((VLOOKUP($B17,'Tarifas e Resoluções'!$B$5:$M$44,2,FALSE)-F17)/(1-E17)/(1-D17)-(VLOOKUP($B17,'Tarifas e Resoluções'!$B$5:$M$44,2,FALSE)-F17)) -> 2.0411516 | H17: =IF(VLOOKUP($B17,'Tarifas e Resoluções'!$B$5:$M$44,7,FALSE)="","",((VLOOKUP($B17,'Tarifas e Resoluções'!$B$5:$M$44,7,FALSE)-VLOOKUP($B17,'Tarifas e Resoluções'!$B$5:$M$44,9,FALSE))*0.5)+VLOOKUP($B17,'Tarifas e Resoluções'!$B$5:$M$44,9,FALSE)) | I17: =IFERROR(H17/(1-E17)/(1-D17)+((VLOOKUP($B17,'Tarifas e Resoluções'!$B$5:$M$44,7,FALSE)-H17)/(1-E17)/(1-D17)-(VLOOKUP($B17,'Tarifas e Resoluções'!$B$5:$M$44,7,FALSE)-H17)),"") | J17: =IFERROR(I17/G17-1,"") | L17: =VLOOKUP(N17,Rascunho!$I$4:$K$43,2,FALSE) -> Energisa Minas Rio (EMR) | M17: =VLOOKUP(N17,Rascunho!$I$4:$K$43,3,FALSE) -> MG | N17: =LARGE(Rascunho!$I$4:$I$43,12) -> 1.5998974 | O17: 12
B18: ='Tarifas e Resoluções'!B17 -> Energisa MS (EMS) | C18: MS | D18: =VLOOKUP(C18,Rascunho!$B$3:$C$29,2,FALSE) -> 0.17 | E18: =E17 -> 0.05 | F18: =((VLOOKUP($B18,'Tarifas e Resoluções'!$B$5:$M$44,2,FALSE)-VLOOKUP($B18,'Tarifas e Resoluções'!$B$5:$M$44,4,FALSE))*0.5)+VLOOKUP($B18,'Tarifas e Resoluções'!$B$5:$M$44,4,FALSE) -> 0.969955 | G18: =F18/(1-E18)/(1-D18)+((VLOOKUP($B18,'Tarifas e Resoluções'!$B$5:$M$44,2,FALSE)-F18)/(1-E18)/(1-D18)-(VLOOKUP($B18,'Tarifas e Resoluções'!$B$5:$M$44,2,FALSE)-F18)) -> 1.455434 | H18: =IF(VLOOKUP($B18,'Tarifas e Resoluções'!$B$5:$M$44,7,FALSE)="","",((VLOOKUP($B18,'Tarifas e Resoluções'!$B$5:$M$44,7,FALSE)-VLOOKUP($B18,'Tarifas e Resoluções'!$B$5:$M$44,9,FALSE))*0.5)+VLOOKUP($B18,'Tarifas e Resoluções'!$B$5:$M$44,9,FALSE)) -> 1.03587 | I18: =IFERROR(H18/(1-E18)/(1-D18)+((VLOOKUP($B18,'Tarifas e Resoluções'!$B$5:$M$44,7,FALSE)-H18)/(1-E18)/(1-D18)-(VLOOKUP($B18,'Tarifas e Resoluções'!$B$5:$M$44,7,FALSE)-H18)),"") -> 1.5433708 | J18: =IFERROR(I18/G18-1,"") -> 0.060419607 | L18: =VLOOKUP(N18,Rascunho!$I$4:$K$43,2,FALSE) -> CEMIG | M18: =VLOOKUP(N18,Rascunho!$I$4:$K$43,3,FALSE) -> MG | N18: =LARGE(Rascunho!$I$4:$I$43,13) -> 1.5920761 | O18: 13
B19: ='Tarifas e Resoluções'!B18 -> CEMIG | C19: MG | D19: =VLOOKUP(C19,Rascunho!$B$3:$C$29,2,FALSE) -> 0.18 | E19: =E18 -> 0.05 | F19: =((VLOOKUP($B19,'Tarifas e Resoluções'!$B$5:$M$44,2,FALSE)-VLOOKUP($B19,'Tarifas e Resoluções'!$B$5:$M$44,4,FALSE))*0.5)+VLOOKUP($B19,'Tarifas e Resoluções'!$B$5:$M$44,4,FALSE) -> 0.98114 | G19: =F19/(1-E19)/(1-D19)+((VLOOKUP($B19,'Tarifas e Resoluções'!$B$5:$M$44,2,FALSE)-F19)/(1-E19)/(1-D19)-(VLOOKUP($B19,'Tarifas e Resoluções'!$B$5:$M$44,2,FALSE)-F19)) -> 1.4943621 | H19: =IF(VLOOKUP($B19,'Tarifas e Resoluções'!$B$5:$M$44,7,FALSE)="","",((VLOOKUP($B19,'Tarifas e Resoluções'!$B$5:$M$44,7,FALSE)-VLOOKUP($B19,'Tarifas e Resoluções'!$B$5:$M$44,9,FALSE))*0.5)+VLOOKUP($B19,'Tarifas e Resoluções'!$B$5:$M$44,9,FALSE)) -> 1.049375 | I19: =IFERROR(H19/(1-E19)/(1-D19)+((VLOOKUP($B19,'Tarifas e Resoluções'!$B$5:$M$44,7,FALSE)-H19)/(1-E19)/(1-D19)-(VLOOKUP($B19,'Tarifas e Resoluções'!$B$5:$M$44,7,FALSE)-H19)),"") -> 1.5920761 | J19: =IFERROR(I19/G19-1,"") -> 0.065388407 | L19: =VLOOKUP(N19,Rascunho!$I$4:$K$43,2,FALSE) -> Energisa MS (EMS) | M19: =VLOOKUP(N19,Rascunho!$I$4:$K$43,3,FALSE) -> MS | N19: =LARGE(Rascunho!$I$4:$I$43,14) -> 1.5433708 | O19: 14
B20: ='Tarifas e Resoluções'!B19 -> Equatorial AL | C20: AL | D20: =VLOOKUP(C20,Rascunho!$B$3:$C$29,2,FALSE) -> 0.2 | E20: =E19 -> 0.05 | F20: =((VLOOKUP($B20,'Tarifas e Resoluções'!$B$5:$M$44,2,FALSE)-VLOOKUP($B20,'Tarifas e Resoluções'!$B$5:$M$44,4,FALSE))*0.5)+VLOOKUP($B20,'Tarifas e Resoluções'!$B$5:$M$44,4,FALSE) -> 0.99022 | G20: =F20/(1-E20)/(1-D20)+((VLOOKUP($B20,'Tarifas e Resoluções'!$B$5:$M$44,2,FALSE)-F20)/(1-E20)/(1-D20)-(VLOOKUP($B20,'Tarifas e Resoluções'!$B$5:$M$44,2,FALSE)-F20)) -> 1.5718821 | H20: =IF(VLOOKUP($B20,'Tarifas e Resoluções'!$B$5:$M$44,7,FALSE)="","",((VLOOKUP($B20,'Tarifas e Resoluções'!$B$5:$M$44,7,FALSE)-VLOOKUP($B20,'Tarifas e Resoluções'!$B$5:$M$44,9,FALSE))*0.5)+VLOOKUP($B20,'Tarifas e Resoluções'!$B$5:$M$44,9,FALSE)) -> 1.023545 | I20: =IFERROR(H20/(1-E20)/(1-D20)+((VLOOKUP($B20,'Tarifas e Resoluções'!$B$5:$M$44,7,FALSE)-H20)/(1-E20)/(1-D20)-(VLOOKUP($B20,'Tarifas e Resoluções'!$B$5:$M$44,7,FALSE)-H20)),"") -> 1.6156945 | J20: =IFERROR(I20/G20-1,"") -> 0.027872554 | L20: =VLOOKUP(N20,Rascunho!$I$4:$K$43,2,FALSE) -> CPFL Santa Cruz | M20: =VLOOKUP(N20,Rascunho!$I$4:$K$43,3,FALSE) -> SP | N20: =LARGE(Rascunho!$I$4:$I$43,15) -> 1.5073049 | O20: 15
B21: ='Tarifas e Resoluções'!B20 -> COCEL | C21: PR | D21: =VLOOKUP(C21,Rascunho!$B$3:$C$29,2,FALSE) -> 0.195 | E21: =E20 -> 0.05 | F21: =((VLOOKUP($B21,'Tarifas e Resoluções'!$B$5:$M$44,2,FALSE)-VLOOKUP($B21,'Tarifas e Resoluções'!$B$5:$M$44,4,FALSE))*0.5)+VLOOKUP($B21,'Tarifas e Resoluções'!$B$5:$M$44,4,FALSE) -> 0.606245 | G21: =F21/(1-E21)/(1-D21)+((VLOOKUP($B21,'Tarifas e Resoluções'!$B$5:$M$44,2,FALSE)-F21)/(1-E21)/(1-D21)-(VLOOKUP($B21,'Tarifas e Resoluções'!$B$5:$M$44,2,FALSE)-F21)) -> 0.94603859 | H21: =IF(VLOOKUP($B21,'Tarifas e Resoluções'!$B$5:$M$44,7,FALSE)="","",((VLOOKUP($B21,'Tarifas e Resoluções'!$B$5:$M$44,7,FALSE)-VLOOKUP($B21,'Tarifas e Resoluções'!$B$5:$M$44,9,FALSE))*0.5)+VLOOKUP($B21,'Tarifas e Resoluções'!$B$5:$M$44,9,FALSE)) -> 0.760835 | I21: =IFERROR(H21/(1-E21)/(1-D21)+((VLOOKUP($B21,'Tarifas e Resoluções'!$B$5:$M$44,7,FALSE)-H21)/(1-E21)/(1-D21)-(VLOOKUP($B21,'Tarifas e Resoluções'!$B$5:$M$44,7,FALSE)-H21)),"") -> 1.1906711 | J21: =IFERROR(I21/G21-1,"") -> 0.25858621 | L21: =VLOOKUP(N21,Rascunho!$I$4:$K$43,2,FALSE) -> RGE Sul | M21: =VLOOKUP(N21,Rascunho!$I$4:$K$43,3,FALSE) -> RS | N21: =LARGE(Rascunho!$I$4:$I$43,16) -> 1.4885117
B22: ='Tarifas e Resoluções'!B21 -> RGE Sul | C22: RS | D22: =VLOOKUP(C22,Rascunho!$B$3:$C$29,2,FALSE) -> 0.17 | E22: =E21 -> 0.05 | F22: =((VLOOKUP($B22,'Tarifas e Resoluções'!$B$5:$M$44,2,FALSE)-VLOOKUP($B22,'Tarifas e Resoluções'!$B$5:$M$44,4,FALSE))*0.5)+VLOOKUP($B22,'Tarifas e Resoluções'!$B$5:$M$44,4,FALSE) -> 0.90621 | G22: =F22/(1-E22)/(1-D22)+((VLOOKUP($B22,'Tarifas e Resoluções'!$B$5:$M$44,2,FALSE)-F22)/(1-E22)/(1-D22)-(VLOOKUP($B22,'Tarifas e Resoluções'!$B$5:$M$44,2,FALSE)-F22)) -> 1.3603355 | H22: =IF(VLOOKUP($B22,'Tarifas e Resoluções'!$B$5:$M$44,7,FALSE)="","",((VLOOKUP($B22,'Tarifas e Resoluções'!$B$5:$M$44,7,FALSE)-VLOOKUP($B22,'Tarifas e Resoluções'!$B$5:$M$44,9,FALSE))*0.5)+VLOOKUP($B22,'Tarifas e Resoluções'!$B$5:$M$44,9,FALSE)) -> 0.996335 | I22: =IFERROR(H22/(1-E22)/(1-D22)+((VLOOKUP($B22,'Tarifas e Resoluções'!$B$5:$M$44,7,FALSE)-H22)/(1-E22)/(1-D22)-(VLOOKUP($B22,'Tarifas e Resoluções'!$B$5:$M$44,7,FALSE)-H22)),"") -> 1.4885117 | J22: =IFERROR(I22/G22-1,"") -> 0.094223979 | L22: =VLOOKUP(N22,Rascunho!$I$4:$K$43,2,FALSE) -> Energisa MT (EMT) | M22: =VLOOKUP(N22,Rascunho!$I$4:$K$43,3,FALSE) -> MT | N22: =LARGE(Rascunho!$I$4:$I$43,17) -> 1.471916
B23: ='Tarifas e Resoluções'!B22 -> Equatorial GO | C23: GO | D23: =VLOOKUP(C23,Rascunho!$B$3:$C$29,2,FALSE) -> 0.19 | E23: =E22 -> 0.05 | F23: =((VLOOKUP($B23,'Tarifas e Resoluções'!$B$5:$M$44,2,FALSE)-VLOOKUP($B23,'Tarifas e Resoluções'!$B$5:$M$44,4,FALSE))*0.5)+VLOOKUP($B23,'Tarifas e Resoluções'!$B$5:$M$44,4,FALSE) -> 0.902885 | G23: =F23/(1-E23)/(1-D23)+((VLOOKUP($B23,'Tarifas e Resoluções'!$B$5:$M$44,2,FALSE)-F23)/(1-E23)/(1-D23)-(VLOOKUP($B23,'Tarifas e Resoluções'!$B$5:$M$44,2,FALSE)-F23)) -> 1.3989797 | H23: =IF(VLOOKUP($B23,'Tarifas e Resoluções'!$B$5:$M$44,7,FALSE)="","",((VLOOKUP($B23,'Tarifas e Resoluções'!$B$5:$M$44,7,FALSE)-VLOOKUP($B23,'Tarifas e Resoluções'!$B$5:$M$44,9,FALSE))*0.5)+VLOOKUP($B23,'Tarifas e Resoluções'!$B$5:$M$44,9,FALSE)) | I23: =IFERROR(H23/(1-E23)/(1-D23)+((VLOOKUP($B23,'Tarifas e Resoluções'!$B$5:$M$44,7,FALSE)-H23)/(1-E23)/(1-D23)-(VLOOKUP($B23,'Tarifas e Resoluções'!$B$5:$M$44,7,FALSE)-H23)),"") | J23: =IFERROR(I23/G23-1,"") | L23: =VLOOKUP(N23,Rascunho!$I$4:$K$43,2,FALSE) -> SULGIPE | M23: =VLOOKUP(N23,Rascunho!$I$4:$K$43,3,FALSE) -> SE | N23: =LARGE(Rascunho!$I$4:$I$43,18) -> 1.4633276
B24: ='Tarifas e Resoluções'!B23 -> Neoenergia RN (COSERN) | C24: RN | D24: =VLOOKUP(C24,Rascunho!$B$3:$C$29,2,FALSE) -> 0.18 | E24: =E23 -> 0.05 | F24: =((VLOOKUP($B24,'Tarifas e Resoluções'!$B$5:$M$44,2,FALSE)-VLOOKUP($B24,'Tarifas e Resoluções'!$B$5:$M$44,4,FALSE))*0.5)+VLOOKUP($B24,'Tarifas e Resoluções'!$B$5:$M$44,4,FALSE) -> 0.979685 | G24: =F24/(1-E24)/(1-D24)+((VLOOKUP($B24,'Tarifas e Resoluções'!$B$5:$M$44,2,FALSE)-F24)/(1-E24)/(1-D24)-(VLOOKUP($B24,'Tarifas e Resoluções'!$B$5:$M$44,2,FALSE)-F24)) -> 1.5095772 | H24: =IF(VLOOKUP($B24,'Tarifas e Resoluções'!$B$5:$M$44,7,FALSE)="","",((VLOOKUP($B24,'Tarifas e Resoluções'!$B$5:$M$44,7,FALSE)-VLOOKUP($B24,'Tarifas e Resoluções'!$B$5:$M$44,9,FALSE))*0.5)+VLOOKUP($B24,'Tarifas e Resoluções'!$B$5:$M$44,9,FALSE)) -> 1.06344 | I24: =IFERROR(H24/(1-E24)/(1-D24)+((VLOOKUP($B24,'Tarifas e Resoluções'!$B$5:$M$44,7,FALSE)-H24)/(1-E24)/(1-D24)-(VLOOKUP($B24,'Tarifas e Resoluções'!$B$5:$M$44,7,FALSE)-H24)),"") -> 1.6335831 | J24: =IFERROR(I24/G24-1,"") -> 0.082146139 | L24: =VLOOKUP(N24,Rascunho!$I$4:$K$43,2,FALSE) -> Energisa SE (ESE) | M24: =VLOOKUP(N24,Rascunho!$I$4:$K$43,3,FALSE) -> SE | N24: =LARGE(Rascunho!$I$4:$I$43,19) -> 1.4633276
B25: ='Tarifas e Resoluções'!B24 -> CELESC | C25: SC | D25: =VLOOKUP(C25,Rascunho!$B$3:$C$29,2,FALSE) -> 0.17 | E25: =E24 -> 0.05 | F25: =((VLOOKUP($B25,'Tarifas e Resoluções'!$B$5:$M$44,2,FALSE)-VLOOKUP($B25,'Tarifas e Resoluções'!$B$5:$M$44,4,FALSE))*0.5)+VLOOKUP($B25,'Tarifas e Resoluções'!$B$5:$M$44,4,FALSE) -> 0.60688 | G25: =F25/(1-E25)/(1-D25)+((VLOOKUP($B25,'Tarifas e Resoluções'!$B$5:$M$44,2,FALSE)-F25)/(1-E25)/(1-D25)-(VLOOKUP($B25,'Tarifas e Resoluções'!$B$5:$M$44,2,FALSE)-F25)) -> 0.89372872 | H25: =IF(VLOOKUP($B25,'Tarifas e Resoluções'!$B$5:$M$44,7,FALSE)="","",((VLOOKUP($B25,'Tarifas e Resoluções'!$B$5:$M$44,7,FALSE)-VLOOKUP($B25,'Tarifas e Resoluções'!$B$5:$M$44,9,FALSE))*0.5)+VLOOKUP($B25,'Tarifas e Resoluções'!$B$5:$M$44,9,FALSE)) -> 0.680215 | I25: =IFERROR(H25/(1-E25)/(1-D25)+((VLOOKUP($B25,'Tarifas e Resoluções'!$B$5:$M$44,7,FALSE)-H25)/(1-E25)/(1-D25)-(VLOOKUP($B25,'Tarifas e Resoluções'!$B$5:$M$44,7,FALSE)-H25)),"") -> 0.99920582 | J25: =IFERROR(I25/G25-1,"") -> 0.11801914 | L25: =VLOOKUP(N25,Rascunho!$I$4:$K$43,2,FALSE) -> Neoenergia Elektro (ELEKTRO) | M25: =VLOOKUP(N25,Rascunho!$I$4:$K$43,3,FALSE) -> SP | N25: =LARGE(Rascunho!$I$4:$I$43,20) -> 1.4239403
B26: ='Tarifas e Resoluções'!B25 -> Roraima Energia (Boa Vista) | C26: RR | D26: =VLOOKUP(C26,Rascunho!$B$3:$C$29,2,FALSE) -> 0.2 | E26: =E25 -> 0.05 | F26: =((VLOOKUP($B26,'Tarifas e Resoluções'!$B$5:$M$44,2,FALSE)-VLOOKUP($B26,'Tarifas e Resoluções'!$B$5:$M$44,4,FALSE))*0.5)+VLOOKUP($B26,'Tarifas e Resoluções'!$B$5:$M$44,4,FALSE) -> 0.68245 | G26: =F26/(1-E26)/(1-D26)+((VLOOKUP($B26,'Tarifas e Resoluções'!$B$5:$M$44,2,FALSE)-F26)/(1-E26)/(1-D26)-(VLOOKUP($B26,'Tarifas e Resoluções'!$B$5:$M$44,2,FALSE)-F26)) -> 1.0823942 | H26: =IF(VLOOKUP($B26,'Tarifas e Resoluções'!$B$5:$M$44,7,FALSE)="","",((VLOOKUP($B26,'Tarifas e Resoluções'!$B$5:$M$44,7,FALSE)-VLOOKUP($B26,'Tarifas e Resoluções'!$B$5:$M$44,9,FALSE))*0.5)+VLOOKUP($B26,'Tarifas e Resoluções'!$B$5:$M$44,9,FALSE)) -> 0.880775 | I26: =IFERROR(H26/(1-E26)/(1-D26)+((VLOOKUP($B26,'Tarifas e Resoluções'!$B$5:$M$44,7,FALSE)-H26)/(1-E26)/(1-D26)-(VLOOKUP($B26,'Tarifas e Resoluções'!$B$5:$M$44,7,FALSE)-H26)),"") -> 1.3882361 | J26: =IFERROR(I26/G26-1,"") -> 0.28256049 | L26: =VLOOKUP(N26,Rascunho!$I$4:$K$43,2,FALSE) -> CHESP | M26: =VLOOKUP(N26,Rascunho!$I$4:$K$43,3,FALSE) -> GO | N26: =LARGE(Rascunho!$I$4:$I$43,21) -> 1.3989797
B27: ='Tarifas e Resoluções'!B26 -> Neoenergia Elektro (ELEKTRO) | C27: SP | D27: =VLOOKUP(C27,Rascunho!$B$3:$C$29,2,FALSE) -> 0.18 | E27: =E26 -> 0.05 | F27: =((VLOOKUP($B27,'Tarifas e Resoluções'!$B$5:$M$44,2,FALSE)-VLOOKUP($B27,'Tarifas e Resoluções'!$B$5:$M$44,4,FALSE))*0.5)+VLOOKUP($B27,'Tarifas e Resoluções'!$B$5:$M$44,4,FALSE) -> 1.030805 | G27: =F27/(1-E27)/(1-D27)+((VLOOKUP($B27,'Tarifas e Resoluções'!$B$5:$M$44,2,FALSE)-F27)/(1-E27)/(1-D27)-(VLOOKUP($B27,'Tarifas e Resoluções'!$B$5:$M$44,2,FALSE)-F27)) -> 1.57638 | H27: =IF(VLOOKUP($B27,'Tarifas e Resoluções'!$B$5:$M$44,7,FALSE)="","",((VLOOKUP($B27,'Tarifas e Resoluções'!$B$5:$M$44,7,FALSE)-VLOOKUP($B27,'Tarifas e Resoluções'!$B$5:$M$44,9,FALSE))*0.5)+VLOOKUP($B27,'Tarifas e Resoluções'!$B$5:$M$44,9,FALSE)) -> 0.93959 | I27: =IFERROR(H27/(1-E27)/(1-D27)+((VLOOKUP($B27,'Tarifas e Resoluções'!$B$5:$M$44,7,FALSE)-H27)/(1-E27)/(1-D27)-(VLOOKUP($B27,'Tarifas e Resoluções'!$B$5:$M$44,7,FALSE)-H27)),"") -> 1.4239403 | J27: =IFERROR(I27/G27-1,"") -> -0.096702359 | L27: =VLOOKUP(N27,Rascunho!$I$4:$K$43,2,FALSE) -> Equatorial GO | M27: =VLOOKUP(N27,Rascunho!$I$4:$K$43,3,FALSE) -> GO | N27: =LARGE(Rascunho!$I$4:$I$43,22) -> 1.3989797
B28: ='Tarifas e Resoluções'!B27 -> COPEL | C28: PR | D28: =VLOOKUP(C28,Rascunho!$B$3:$C$29,2,FALSE) -> 0.195 | E28: =E27 -> 0.05 | F28: =((VLOOKUP($B28,'Tarifas e Resoluções'!$B$5:$M$44,2,FALSE)-VLOOKUP($B28,'Tarifas e Resoluções'!$B$5:$M$44,4,FALSE))*0.5)+VLOOKUP($B28,'Tarifas e Resoluções'!$B$5:$M$44,4,FALSE) -> 0.666235 | G28: =F28/(1-E28)/(1-D28)+((VLOOKUP($B28,'Tarifas e Resoluções'!$B$5:$M$44,2,FALSE)-F28)/(1-E28)/(1-D28)-(VLOOKUP($B28,'Tarifas e Resoluções'!$B$5:$M$44,2,FALSE)-F28)) -> 1.0389313 | H28: =IF(VLOOKUP($B28,'Tarifas e Resoluções'!$B$5:$M$44,7,FALSE)="","",((VLOOKUP($B28,'Tarifas e Resoluções'!$B$5:$M$44,7,FALSE)-VLOOKUP($B28,'Tarifas e Resoluções'!$B$5:$M$44,9,FALSE))*0.5)+VLOOKUP($B28,'Tarifas e Resoluções'!$B$5:$M$44,9,FALSE)) -> 0.80499 | I28: =IFERROR(H28/(1-E28)/(1-D28)+((VLOOKUP($B28,'Tarifas e Resoluções'!$B$5:$M$44,7,FALSE)-H28)/(1-E28)/(1-D28)-(VLOOKUP($B28,'Tarifas e Resoluções'!$B$5:$M$44,7,FALSE)-H28)),"") -> 1.2551534 | J28: =IFERROR(I28/G28-1,"") -> 0.20811978 | L28: =VLOOKUP(N28,Rascunho!$I$4:$K$43,2,FALSE) -> Roraima Energia (Boa Vista) | M28: =VLOOKUP(N28,Rascunho!$I$4:$K$43,3,FALSE) -> RR | N28: =LARGE(Rascunho!$I$4:$I$43,23) -> 1.3882361
B29: ='Tarifas e Resoluções'!B28 -> Enel CE | C29: CE | D29: =VLOOKUP(C29,Rascunho!$B$3:$C$29,2,FALSE) -> 0.2 | E29: =E28 -> 0.05 | F29: =((VLOOKUP($B29,'Tarifas e Resoluções'!$B$5:$M$44,2,FALSE)-VLOOKUP($B29,'Tarifas e Resoluções'!$B$5:$M$44,4,FALSE))*0.5)+VLOOKUP($B29,'Tarifas e Resoluções'!$B$5:$M$44,4,FALSE) -> 0.62568 | G29: =F29/(1-E29)/(1-D29)+((VLOOKUP($B29,'Tarifas e Resoluções'!$B$5:$M$44,2,FALSE)-F29)/(1-E29)/(1-D29)-(VLOOKUP($B29,'Tarifas e Resoluções'!$B$5:$M$44,2,FALSE)-F29)) -> 0.99291158 | H29: =IF(VLOOKUP($B29,'Tarifas e Resoluções'!$B$5:$M$44,7,FALSE)="","",((VLOOKUP($B29,'Tarifas e Resoluções'!$B$5:$M$44,7,FALSE)-VLOOKUP($B29,'Tarifas e Resoluções'!$B$5:$M$44,9,FALSE))*0.5)+VLOOKUP($B29,'Tarifas e Resoluções'!$B$5:$M$44,9,FALSE)) -> 0.629315 | I29: =IFERROR(H29/(1-E29)/(1-D29)+((VLOOKUP($B29,'Tarifas e Resoluções'!$B$5:$M$44,7,FALSE)-H29)/(1-E29)/(1-D29)-(VLOOKUP($B29,'Tarifas e Resoluções'!$B$5:$M$44,7,FALSE)-H29)),"") -> 0.98766342 | J29: =IFERROR(I29/G29-1,"") -> -0.0052856246 | L29: =VLOOKUP(N29,Rascunho!$I$4:$K$43,2,FALSE) -> CEEE Equatorial | M29: =VLOOKUP(N29,Rascunho!$I$4:$K$43,3,FALSE) -> RS | N29: =LARGE(Rascunho!$I$4:$I$43,24) -> 1.3539113
B30: ='Tarifas e Resoluções'!B29 -> Energisa SE (ESE) | C30: SE | D30: =VLOOKUP(C30,Rascunho!$B$3:$C$29,2,FALSE) -> 0.2 | E30: =E29 -> 0.05 | F30: =((VLOOKUP($B30,'Tarifas e Resoluções'!$B$5:$M$44,2,FALSE)-VLOOKUP($B30,'Tarifas e Resoluções'!$B$5:$M$44,4,FALSE))*0.5)+VLOOKUP($B30,'Tarifas e Resoluções'!$B$5:$M$44,4,FALSE) -> 0.893935 | G30: =F30/(1-E30)/(1-D30)+((VLOOKUP($B30,'Tarifas e Resoluções'!$B$5:$M$44,2,FALSE)-F30)/(1-E30)/(1-D30)-(VLOOKUP($B30,'Tarifas e Resoluções'!$B$5:$M$44,2,FALSE)-F30)) -> 1.4317055 | H30: =IF(VLOOKUP($B30,'Tarifas e Resoluções'!$B$5:$M$44,7,FALSE)="","",((VLOOKUP($B30,'Tarifas e Resoluções'!$B$5:$M$44,7,FALSE)-VLOOKUP($B30,'Tarifas e Resoluções'!$B$5:$M$44,9,FALSE))*0.5)+VLOOKUP($B30,'Tarifas e Resoluções'!$B$5:$M$44,9,FALSE)) -> 0.920555 | I30: =IFERROR(H30/(1-E30)/(1-D30)+((VLOOKUP($B30,'Tarifas e Resoluções'!$B$5:$M$44,7,FALSE)-H30)/(1-E30)/(1-D30)-(VLOOKUP($B30,'Tarifas e Resoluções'!$B$5:$M$44,7,FALSE)-H30)),"") -> 1.4633276 | J30: =IFERROR(I30/G30-1,"") -> 0.022087018 | L30: =VLOOKUP(N30,Rascunho!$I$4:$K$43,2,FALSE) -> COPEL | M30: =VLOOKUP(N30,Rascunho!$I$4:$K$43,3,FALSE) -> PR | N30: =LARGE(Rascunho!$I$4:$I$43,25) -> 1.2551534
B31: ='Tarifas e Resoluções'!B30 -> CEEE Equatorial | C31: RS | D31: =VLOOKUP(C31,Rascunho!$B$3:$C$29,2,FALSE) -> 0.17 | E31: =E30 -> 0.05 | F31: =((VLOOKUP($B31,'Tarifas e Resoluções'!$B$5:$M$44,2,FALSE)-VLOOKUP($B31,'Tarifas e Resoluções'!$B$5:$M$44,4,FALSE))*0.5)+VLOOKUP($B31,'Tarifas e Resoluções'!$B$5:$M$44,4,FALSE) -> 0.907535 | G31: =F31/(1-E31)/(1-D31)+((VLOOKUP($B31,'Tarifas e Resoluções'!$B$5:$M$44,2,FALSE)-F31)/(1-E31)/(1-D31)-(VLOOKUP($B31,'Tarifas e Resoluções'!$B$5:$M$44,2,FALSE)-F31)) -> 1.3539113 | H31: =IF(VLOOKUP($B31,'Tarifas e Resoluções'!$B$5:$M$44,7,FALSE)="","",((VLOOKUP($B31,'Tarifas e Resoluções'!$B$5:$M$44,7,FALSE)-VLOOKUP($B31,'Tarifas e Resoluções'!$B$5:$M$44,9,FALSE))*0.5)+VLOOKUP($B31,'Tarifas e Resoluções'!$B$5:$M$44,9,FALSE)) | I31: =IFERROR(H31/(1-E31)/(1-D31)+((VLOOKUP($B31,'Tarifas e Resoluções'!$B$5:$M$44,7,FALSE)-H31)/(1-E31)/(1-D31)-(VLOOKUP($B31,'Tarifas e Resoluções'!$B$5:$M$44,7,FALSE)-H31)),"") | J31: =IFERROR(I31/G31-1,"") | L31: =VLOOKUP(N31,Rascunho!$I$4:$K$43,2,FALSE) -> COCEL | M31: =VLOOKUP(N31,Rascunho!$I$4:$K$43,3,FALSE) -> PR | N31: =LARGE(Rascunho!$I$4:$I$43,26) -> 1.1906711
B32: ='Tarifas e Resoluções'!B31 -> CPFL Paulista | C32: SP | D32: =VLOOKUP(C32,Rascunho!$B$3:$C$29,2,FALSE) -> 0.18 | E32: =E31 -> 0.05 | F32: =((VLOOKUP($B32,'Tarifas e Resoluções'!$B$5:$M$44,2,FALSE)-VLOOKUP($B32,'Tarifas e Resoluções'!$B$5:$M$44,4,FALSE))*0.5)+VLOOKUP($B32,'Tarifas e Resoluções'!$B$5:$M$44,4,FALSE) -> 0.70453 | G32: =F32/(1-E32)/(1-D32)+((VLOOKUP($B32,'Tarifas e Resoluções'!$B$5:$M$44,2,FALSE)-F32)/(1-E32)/(1-D32)-(VLOOKUP($B32,'Tarifas e Resoluções'!$B$5:$M$44,2,FALSE)-F32)) -> 1.0718014 | H32: =IF(VLOOKUP($B32,'Tarifas e Resoluções'!$B$5:$M$44,7,FALSE)="","",((VLOOKUP($B32,'Tarifas e Resoluções'!$B$5:$M$44,7,FALSE)-VLOOKUP($B32,'Tarifas e Resoluções'!$B$5:$M$44,9,FALSE))*0.5)+VLOOKUP($B32,'Tarifas e Resoluções'!$B$5:$M$44,9,FALSE)) -> 0.757865 | I32: =IFERROR(H32/(1-E32)/(1-D32)+((VLOOKUP($B32,'Tarifas e Resoluções'!$B$5:$M$44,7,FALSE)-H32)/(1-E32)/(1-D32)-(VLOOKUP($B32,'Tarifas e Resoluções'!$B$5:$M$44,7,FALSE)-H32)),"") -> 1.1413014 | J32: =IFERROR(I32/G32-1,"") -> 0.064844159 | L32: =VLOOKUP(N32,Rascunho!$I$4:$K$43,2,FALSE) -> EDP ES | M32: =VLOOKUP(N32,Rascunho!$I$4:$K$43,3,FALSE) -> ES | N32: =LARGE(Rascunho!$I$4:$I$43,27) -> 1.1723268
B33: ='Tarifas e Resoluções'!B32 -> CPFL Piratininga | C33: SP | D33: =VLOOKUP(C33,Rascunho!$B$3:$C$29,2,FALSE) -> 0.18 | E33: =E32 -> 0.05 | F33: =((VLOOKUP($B33,'Tarifas e Resoluções'!$B$5:$M$44,2,FALSE)-VLOOKUP($B33,'Tarifas e Resoluções'!$B$5:$M$44,4,FALSE))*0.5)+VLOOKUP($B33,'Tarifas e Resoluções'!$B$5:$M$44,4,FALSE) -> 0.536445 | G33: =F33/(1-E33)/(1-D33)+((VLOOKUP($B33,'Tarifas e Resoluções'!$B$5:$M$44,2,FALSE)-F33)/(1-E33)/(1-D33)-(VLOOKUP($B33,'Tarifas e Resoluções'!$B$5:$M$44,2,FALSE)-F33)) -> 0.80422664 | H33: =IF(VLOOKUP($B33,'Tarifas e Resoluções'!$B$5:$M$44,7,FALSE)="","",((VLOOKUP($B33,'Tarifas e Resoluções'!$B$5:$M$44,7,FALSE)-VLOOKUP($B33,'Tarifas e Resoluções'!$B$5:$M$44,9,FALSE))*0.5)+VLOOKUP($B33,'Tarifas e Resoluções'!$B$5:$M$44,9,FALSE)) | I33: =IFERROR(H33/(1-E33)/(1-D33)+((VLOOKUP($B33,'Tarifas e Resoluções'!$B$5:$M$44,7,FALSE)-H33)/(1-E33)/(1-D33)-(VLOOKUP($B33,'Tarifas e Resoluções'!$B$5:$M$44,7,FALSE)-H33)),"") | J33: =IFERROR(I33/G33-1,"") | L33: =VLOOKUP(N33,Rascunho!$I$4:$K$43,2,FALSE) -> Energisa Sul-Sudeste (ESS) | M33: =VLOOKUP(N33,Rascunho!$I$4:$K$43,3,FALSE) -> SP | N33: =LARGE(Rascunho!$I$4:$I$43,28) -> 1.1552976
B34: ='Tarifas e Resoluções'!B33 -> EDP SP | C34: SP | D34: =VLOOKUP(C34,Rascunho!$B$3:$C$29,2,FALSE) -> 0.18 | E34: =E33 -> 0.05 | F34: =((VLOOKUP($B34,'Tarifas e Resoluções'!$B$5:$M$44,2,FALSE)-VLOOKUP($B34,'Tarifas e Resoluções'!$B$5:$M$44,4,FALSE))*0.5)+VLOOKUP($B34,'Tarifas e Resoluções'!$B$5:$M$44,4,FALSE) -> 0.73384 | G34: =F34/(1-E34)/(1-D34)+((VLOOKUP($B34,'Tarifas e Resoluções'!$B$5:$M$44,2,FALSE)-F34)/(1-E34)/(1-D34)-(VLOOKUP($B34,'Tarifas e Resoluções'!$B$5:$M$44,2,FALSE)-F34)) -> 1.1099173 | H34: =IF(VLOOKUP($B34,'Tarifas e Resoluções'!$B$5:$M$44,7,FALSE)="","",((VLOOKUP($B34,'Tarifas e Resoluções'!$B$5:$M$44,7,FALSE)-VLOOKUP($B34,'Tarifas e Resoluções'!$B$5:$M$44,9,FALSE))*0.5)+VLOOKUP($B34,'Tarifas e Resoluções'!$B$5:$M$44,9,FALSE)) | I34: =IFERROR(H34/(1-E34)/(1-D34)+((VLOOKUP($B34,'Tarifas e Resoluções'!$B$5:$M$44,7,FALSE)-H34)/(1-E34)/(1-D34)-(VLOOKUP($B34,'Tarifas e Resoluções'!$B$5:$M$44,7,FALSE)-H34)),"") | J34: =IFERROR(I34/G34-1,"") | L34: =VLOOKUP(N34,Rascunho!$I$4:$K$43,2,FALSE) -> CPFL Paulista | M34: =VLOOKUP(N34,Rascunho!$I$4:$K$43,3,FALSE) -> SP | N34: =LARGE(Rascunho!$I$4:$I$43,29) -> 1.1413014
B35: ='Tarifas e Resoluções'!B34 -> Neoenergia Brasília (CEB) | C35: DF | D35: =VLOOKUP(C35,Rascunho!$B$3:$C$29,2,FALSE) -> 0.2 | E35: =E34 -> 0.05 | F35: =((VLOOKUP($B35,'Tarifas e Resoluções'!$B$5:$M$44,2,FALSE)-VLOOKUP($B35,'Tarifas e Resoluções'!$B$5:$M$44,4,FALSE))*0.5)+VLOOKUP($B35,'Tarifas e Resoluções'!$B$5:$M$44,4,FALSE) -> 0.54747 | G35: =F35/(1-E35)/(1-D35)+((VLOOKUP($B35,'Tarifas e Resoluções'!$B$5:$M$44,2,FALSE)-F35)/(1-E35)/(1-D35)-(VLOOKUP($B35,'Tarifas e Resoluções'!$B$5:$M$44,2,FALSE)-F35)) -> 0.84037105 | H35: =IF(VLOOKUP($B35,'Tarifas e Resoluções'!$B$5:$M$44,7,FALSE)="","",((VLOOKUP($B35,'Tarifas e Resoluções'!$B$5:$M$44,7,FALSE)-VLOOKUP($B35,'Tarifas e Resoluções'!$B$5:$M$44,9,FALSE))*0.5)+VLOOKUP($B35,'Tarifas e Resoluções'!$B$5:$M$44,9,FALSE)) | I35: =IFERROR(H35/(1-E35)/(1-D35)+((VLOOKUP($B35,'Tarifas e Resoluções'!$B$5:$M$44,7,FALSE)-H35)/(1-E35)/(1-D35)-(VLOOKUP($B35,'Tarifas e Resoluções'!$B$5:$M$44,7,FALSE)-H35)),"") | J35: =IFERROR(I35/G35-1,"") | L35: =VLOOKUP(N35,Rascunho!$I$4:$K$43,2,FALSE) -> Amazonas Energia | M35: =VLOOKUP(N35,Rascunho!$I$4:$K$43,3,FALSE) -> AM | N35: =LARGE(Rascunho!$I$4:$I$43,30) -> 1.1347379
B36: ='Tarifas e Resoluções'!B35 -> Enel RJ | C36: RJ | D36: =VLOOKUP(C36,Rascunho!$B$3:$C$29,2,FALSE) -> 0.22 | E36: =E35 -> 0.05 | F36: =((VLOOKUP($B36,'Tarifas e Resoluções'!$B$5:$M$44,2,FALSE)-VLOOKUP($B36,'Tarifas e Resoluções'!$B$5:$M$44,4,FALSE))*0.5)+VLOOKUP($B36,'Tarifas e Resoluções'!$B$5:$M$44,4,FALSE) -> 1.04203 | G36: =F36/(1-E36)/(1-D36)+((VLOOKUP($B36,'Tarifas e Resoluções'!$B$5:$M$44,2,FALSE)-F36)/(1-E36)/(1-D36)-(VLOOKUP($B36,'Tarifas e Resoluções'!$B$5:$M$44,2,FALSE)-F36)) -> 1.7180375 | H36: =IF(VLOOKUP($B36,'Tarifas e Resoluções'!$B$5:$M$44,7,FALSE)="","",((VLOOKUP($B36,'Tarifas e Resoluções'!$B$5:$M$44,7,FALSE)-VLOOKUP($B36,'Tarifas e Resoluções'!$B$5:$M$44,9,FALSE))*0.5)+VLOOKUP($B36,'Tarifas e Resoluções'!$B$5:$M$44,9,FALSE)) -> 1.140425 | I36: =IFERROR(H36/(1-E36)/(1-D36)+((VLOOKUP($B36,'Tarifas e Resoluções'!$B$5:$M$44,7,FALSE)-H36)/(1-E36)/(1-D36)-(VLOOKUP($B36,'Tarifas e Resoluções'!$B$5:$M$44,7,FALSE)-H36)),"") -> 1.8595048 | J36: =IFERROR(I36/G36-1,"") -> 0.08234238 | L36: =VLOOKUP(N36,Rascunho!$I$4:$K$43,2,FALSE) -> Energisa PB (EPB) | M36: =VLOOKUP(N36,Rascunho!$I$4:$K$43,3,FALSE) -> PB | N36: =LARGE(Rascunho!$I$4:$I$43,31) -> 1.1155468
B37: ='Tarifas e Resoluções'!B36 -> Enel SP (ELETROPAULO) | C37: SP | D37: =VLOOKUP(C37,Rascunho!$B$3:$C$29,2,FALSE) -> 0.18 | E37: =E36 -> 0.05 | F37: =((VLOOKUP($B37,'Tarifas e Resoluções'!$B$5:$M$44,2,FALSE)-VLOOKUP($B37,'Tarifas e Resoluções'!$B$5:$M$44,4,FALSE))*0.5)+VLOOKUP($B37,'Tarifas e Resoluções'!$B$5:$M$44,4,FALSE) -> 0.48106 | G37: =F37/(1-E37)/(1-D37)+((VLOOKUP($B37,'Tarifas e Resoluções'!$B$5:$M$44,2,FALSE)-F37)/(1-E37)/(1-D37)-(VLOOKUP($B37,'Tarifas e Resoluções'!$B$5:$M$44,2,FALSE)-F37)) -> 0.71853429 | H37: =IF(VLOOKUP($B37,'Tarifas e Resoluções'!$B$5:$M$44,7,FALSE)="","",((VLOOKUP($B37,'Tarifas e Resoluções'!$B$5:$M$44,7,FALSE)-VLOOKUP($B37,'Tarifas e Resoluções'!$B$5:$M$44,9,FALSE))*0.5)+VLOOKUP($B37,'Tarifas e Resoluções'!$B$5:$M$44,9,FALSE)) -> 0.536515 | I37: =IFERROR(H37/(1-E37)/(1-D37)+((VLOOKUP($B37,'Tarifas e Resoluções'!$B$5:$M$44,7,FALSE)-H37)/(1-E37)/(1-D37)-(VLOOKUP($B37,'Tarifas e Resoluções'!$B$5:$M$44,7,FALSE)-H37)),"") -> 0.79819999 | J37: =IFERROR(I37/G37-1,"") -> 0.11087252 | L37: =VLOOKUP(N37,Rascunho!$I$4:$K$43,2,FALSE) -> EDP SP | M37: =VLOOKUP(N37,Rascunho!$I$4:$K$43,3,FALSE) -> SP | N37: =LARGE(Rascunho!$I$4:$I$43,32) -> 1.1099173
B38: ='Tarifas e Resoluções'!B37 -> Amazonas Energia | C38: AM | D38: =VLOOKUP(C38,Rascunho!$B$3:$C$29,2,FALSE) -> 0.2 | E38: =E37 -> 0.05 | F38: =((VLOOKUP($B38,'Tarifas e Resoluções'!$B$5:$M$44,2,FALSE)-VLOOKUP($B38,'Tarifas e Resoluções'!$B$5:$M$44,4,FALSE))*0.5)+VLOOKUP($B38,'Tarifas e Resoluções'!$B$5:$M$44,4,FALSE) -> 0.683185 | G38: =F38/(1-E38)/(1-D38)+((VLOOKUP($B38,'Tarifas e Resoluções'!$B$5:$M$44,2,FALSE)-F38)/(1-E38)/(1-D38)-(VLOOKUP($B38,'Tarifas e Resoluções'!$B$5:$M$44,2,FALSE)-F38)) -> 1.0620408 | H38: =IF(VLOOKUP($B38,'Tarifas e Resoluções'!$B$5:$M$44,7,FALSE)="","",((VLOOKUP($B38,'Tarifas e Resoluções'!$B$5:$M$44,7,FALSE)-VLOOKUP($B38,'Tarifas e Resoluções'!$B$5:$M$44,9,FALSE))*0.5)+VLOOKUP($B38,'Tarifas e Resoluções'!$B$5:$M$44,9,FALSE)) -> 0.7399 | I38: =IFERROR(H38/(1-E38)/(1-D38)+((VLOOKUP($B38,'Tarifas e Resoluções'!$B$5:$M$44,7,FALSE)-H38)/(1-E38)/(1-D38)-(VLOOKUP($B38,'Tarifas e Resoluções'!$B$5:$M$44,7,FALSE)-H38)),"") -> 1.1347379 | J38: =IFERROR(I38/G38-1,"") -> 0.068450389 | L38: =VLOOKUP(N38,Rascunho!$I$4:$K$43,2,FALSE) -> LIGHT (LIGHT SESA) | M38: =VLOOKUP(N38,Rascunho!$I$4:$K$43,3,FALSE) -> RJ | N38: =LARGE(Rascunho!$I$4:$I$43,33) -> 1.1068214
B39: ='Tarifas e Resoluções'!B38 -> Energisa Sul-Sudeste (ESS) | C39: SP | D39: =VLOOKUP(C39,Rascunho!$B$3:$C$29,2,FALSE) -> 0.18 | E39: =E38 -> 0.05 | F39: =((VLOOKUP($B39,'Tarifas e Resoluções'!$B$5:$M$44,2,FALSE)-VLOOKUP($B39,'Tarifas e Resoluções'!$B$5:$M$44,4,FALSE))*0.5)+VLOOKUP($B39,'Tarifas e Resoluções'!$B$5:$M$44,4,FALSE) -> 0.688035 | G39: =F39/(1-E39)/(1-D39)+((VLOOKUP($B39,'Tarifas e Resoluções'!$B$5:$M$44,2,FALSE)-F39)/(1-E39)/(1-D39)-(VLOOKUP($B39,'Tarifas e Resoluções'!$B$5:$M$44,2,FALSE)-F39)) -> 1.0407555 | H39: =IF(VLOOKUP($B39,'Tarifas e Resoluções'!$B$5:$M$44,7,FALSE)="","",((VLOOKUP($B39,'Tarifas e Resoluções'!$B$5:$M$44,7,FALSE)-VLOOKUP($B39,'Tarifas e Resoluções'!$B$5:$M$44,9,FALSE))*0.5)+VLOOKUP($B39,'Tarifas e Resoluções'!$B$5:$M$44,9,FALSE)) -> 0.76339 | I39: =IFERROR(H39/(1-E39)/(1-D39)+((VLOOKUP($B39,'Tarifas e Resoluções'!$B$5:$M$44,7,FALSE)-H39)/(1-E39)/(1-D39)-(VLOOKUP($B39,'Tarifas e Resoluções'!$B$5:$M$44,7,FALSE)-H39)),"") -> 1.1552976 | J39: =IFERROR(I39/G39-1,"") -> 0.11005665 | L39: =VLOOKUP(N39,Rascunho!$I$4:$K$43,2,FALSE) -> FORCEL (Pacto Energia PR) | M39: =VLOOKUP(N39,Rascunho!$I$4:$K$43,3,FALSE) -> PR | N39: =LARGE(Rascunho!$I$4:$I$43,34) -> 1.1060468
B40: ='Tarifas e Resoluções'!B39 -> Equatorial AP (CEA) | C40: AP | D40: =VLOOKUP(C40,Rascunho!$B$3:$C$29,2,FALSE) -> 0.18 | E40: =E39 -> 0.05 | F40: =((VLOOKUP($B40,'Tarifas e Resoluções'!$B$5:$M$44,2,FALSE)-VLOOKUP($B40,'Tarifas e Resoluções'!$B$5:$M$44,4,FALSE))*0.5)+VLOOKUP($B40,'Tarifas e Resoluções'!$B$5:$M$44,4,FALSE) -> 1.238465 | G40: =F40/(1-E40)/(1-D40)+((VLOOKUP($B40,'Tarifas e Resoluções'!$B$5:$M$44,2,FALSE)-F40)/(1-E40)/(1-D40)-(VLOOKUP($B40,'Tarifas e Resoluções'!$B$5:$M$44,2,FALSE)-F40)) -> 1.8862305 | H40: =IF(VLOOKUP($B40,'Tarifas e Resoluções'!$B$5:$M$44,7,FALSE)="","",((VLOOKUP($B40,'Tarifas e Resoluções'!$B$5:$M$44,7,FALSE)-VLOOKUP($B40,'Tarifas e Resoluções'!$B$5:$M$44,9,FALSE))*0.5)+VLOOKUP($B40,'Tarifas e Resoluções'!$B$5:$M$44,9,FALSE)) -> 1.63229 | I40: =IFERROR(H40/(1-E40)/(1-D40)+((VLOOKUP($B40,'Tarifas e Resoluções'!$B$5:$M$44,7,FALSE)-H40)/(1-E40)/(1-D40)-(VLOOKUP($B40,'Tarifas e Resoluções'!$B$5:$M$44,7,FALSE)-H40)),"") -> 2.4825868 | J40: =IFERROR(I40/G40-1,"") -> 0.31616302 | L40: =VLOOKUP(N40,Rascunho!$I$4:$K$43,2,FALSE) -> CELESC | M40: =VLOOKUP(N40,Rascunho!$I$4:$K$43,3,FALSE) -> SC | N40: =LARGE(Rascunho!$I$4:$I$43,35) -> 0.99920582
B41: ='Tarifas e Resoluções'!B40 -> CHESP | C41: GO | D41: =VLOOKUP(C41,Rascunho!$B$3:$C$29,2,FALSE) -> 0.19 | E41: =E40 -> 0.05 | F41: =((VLOOKUP($B41,'Tarifas e Resoluções'!$B$5:$M$44,2,FALSE)-VLOOKUP($B41,'Tarifas e Resoluções'!$B$5:$M$44,4,FALSE))*0.5)+VLOOKUP($B41,'Tarifas e Resoluções'!$B$5:$M$44,4,FALSE) -> 0.902885 | G41: =F41/(1-E41)/(1-D41)+((VLOOKUP($B41,'Tarifas e Resoluções'!$B$5:$M$44,2,FALSE)-F41)/(1-E41)/(1-D41)-(VLOOKUP($B41,'Tarifas e Resoluções'!$B$5:$M$44,2,FALSE)-F41)) -> 1.3989797 | H41: =IF(VLOOKUP($B41,'Tarifas e Resoluções'!$B$5:$M$44,7,FALSE)="","",((VLOOKUP($B41,'Tarifas e Resoluções'!$B$5:$M$44,7,FALSE)-VLOOKUP($B41,'Tarifas e Resoluções'!$B$5:$M$44,9,FALSE))*0.5)+VLOOKUP($B41,'Tarifas e Resoluções'!$B$5:$M$44,9,FALSE)) | I41: =IFERROR(H41/(1-E41)/(1-D41)+((VLOOKUP($B41,'Tarifas e Resoluções'!$B$5:$M$44,7,FALSE)-H41)/(1-E41)/(1-D41)-(VLOOKUP($B41,'Tarifas e Resoluções'!$B$5:$M$44,7,FALSE)-H41)),"") | J41: =IFERROR(I41/G41-1,"") | L41: =VLOOKUP(N41,Rascunho!$I$4:$K$43,2,FALSE) -> Neoenergia PE | M41: =VLOOKUP(N41,Rascunho!$I$4:$K$43,3,FALSE) -> PE | N41: =LARGE(Rascunho!$I$4:$I$43,36) -> 0.99138963
B42: ='Tarifas e Resoluções'!B41 -> CPFL Santa Cruz | C42: SP | D42: =VLOOKUP(C42,Rascunho!$B$3:$C$29,2,FALSE) -> 0.18 | E42: =E41 -> 0.05 | F42: =((VLOOKUP($B42,'Tarifas e Resoluções'!$B$5:$M$44,2,FALSE)-VLOOKUP($B42,'Tarifas e Resoluções'!$B$5:$M$44,4,FALSE))*0.5)+VLOOKUP($B42,'Tarifas e Resoluções'!$B$5:$M$44,4,FALSE) -> 0.81404 | G42: =F42/(1-E42)/(1-D42)+((VLOOKUP($B42,'Tarifas e Resoluções'!$B$5:$M$44,2,FALSE)-F42)/(1-E42)/(1-D42)-(VLOOKUP($B42,'Tarifas e Resoluções'!$B$5:$M$44,2,FALSE)-F42)) -> 1.2402494 | H42: =IF(VLOOKUP($B42,'Tarifas e Resoluções'!$B$5:$M$44,7,FALSE)="","",((VLOOKUP($B42,'Tarifas e Resoluções'!$B$5:$M$44,7,FALSE)-VLOOKUP($B42,'Tarifas e Resoluções'!$B$5:$M$44,9,FALSE))*0.5)+VLOOKUP($B42,'Tarifas e Resoluções'!$B$5:$M$44,9,FALSE)) -> 0.990355 | I42: =IFERROR(H42/(1-E42)/(1-D42)+((VLOOKUP($B42,'Tarifas e Resoluções'!$B$5:$M$44,7,FALSE)-H42)/(1-E42)/(1-D42)-(VLOOKUP($B42,'Tarifas e Resoluções'!$B$5:$M$44,7,FALSE)-H42)),"") -> 1.5073049 | J42: =IFERROR(I42/G42-1,"") -> 0.21532403 | L42: =VLOOKUP(N42,Rascunho!$I$4:$K$43,2,FALSE) -> Enel CE | M42: =VLOOKUP(N42,Rascunho!$I$4:$K$43,3,FALSE) -> CE | N42: =LARGE(Rascunho!$I$4:$I$43,37) -> 0.98766342
B43: ='Tarifas e Resoluções'!B42 -> Energisa Minas Rio (EMR) | C43: MG | D43: =VLOOKUP(C43,Rascunho!$B$3:$C$29,2,FALSE) -> 0.18 | E43: =E42 -> 0.05 | F43: =((VLOOKUP($B43,'Tarifas e Resoluções'!$B$5:$M$44,2,FALSE)-VLOOKUP($B43,'Tarifas e Resoluções'!$B$5:$M$44,4,FALSE))*0.5)+VLOOKUP($B43,'Tarifas e Resoluções'!$B$5:$M$44,4,FALSE) -> 1.09655 | G43: =F43/(1-E43)/(1-D43)+((VLOOKUP($B43,'Tarifas e Resoluções'!$B$5:$M$44,2,FALSE)-F43)/(1-E43)/(1-D43)-(VLOOKUP($B43,'Tarifas e Resoluções'!$B$5:$M$44,2,FALSE)-F43)) -> 1.6800042 | H43: =IF(VLOOKUP($B43,'Tarifas e Resoluções'!$B$5:$M$44,7,FALSE)="","",((VLOOKUP($B43,'Tarifas e Resoluções'!$B$5:$M$44,7,FALSE)-VLOOKUP($B43,'Tarifas e Resoluções'!$B$5:$M$44,9,FALSE))*0.5)+VLOOKUP($B43,'Tarifas e Resoluções'!$B$5:$M$44,9,FALSE)) -> 1.049145 | I43: =IFERROR(H43/(1-E43)/(1-D43)+((VLOOKUP($B43,'Tarifas e Resoluções'!$B$5:$M$44,7,FALSE)-H43)/(1-E43)/(1-D43)-(VLOOKUP($B43,'Tarifas e Resoluções'!$B$5:$M$44,7,FALSE)-H43)),"") -> 1.5998974 | J43: =IFERROR(I43/G43-1,"") -> -0.047682476 | L43: =VLOOKUP(N43,Rascunho!$I$4:$K$43,2,FALSE) -> Neoenergia Brasília (CEB) | M43: =VLOOKUP(N43,Rascunho!$I$4:$K$43,3,FALSE) -> DF | N43: =LARGE(Rascunho!$I$4:$I$43,38) -> 0.84037105
B44: ='Tarifas e Resoluções'!B43 -> EDP ES | C44: ES | D44: =VLOOKUP(C44,Rascunho!$B$3:$C$29,2,FALSE) -> 0.17 | E44: =E43 -> 0.05 | F44: =((VLOOKUP($B44,'Tarifas e Resoluções'!$B$5:$M$44,2,FALSE)-VLOOKUP($B44,'Tarifas e Resoluções'!$B$5:$M$44,4,FALSE))*0.5)+VLOOKUP($B44,'Tarifas e Resoluções'!$B$5:$M$44,4,FALSE) -> 0.74182 | G44: =F44/(1-E44)/(1-D44)+((VLOOKUP($B44,'Tarifas e Resoluções'!$B$5:$M$44,2,FALSE)-F44)/(1-E44)/(1-D44)-(VLOOKUP($B44,'Tarifas e Resoluções'!$B$5:$M$44,2,FALSE)-F44)) -> 1.0964024 | H44: =IF(VLOOKUP($B44,'Tarifas e Resoluções'!$B$5:$M$44,7,FALSE)="","",((VLOOKUP($B44,'Tarifas e Resoluções'!$B$5:$M$44,7,FALSE)-VLOOKUP($B44,'Tarifas e Resoluções'!$B$5:$M$44,9,FALSE))*0.5)+VLOOKUP($B44,'Tarifas e Resoluções'!$B$5:$M$44,9,FALSE)) -> 0.7948 | I44: =IFERROR(H44/(1-E44)/(1-D44)+((VLOOKUP($B44,'Tarifas e Resoluções'!$B$5:$M$44,7,FALSE)-H44)/(1-E44)/(1-D44)-(VLOOKUP($B44,'Tarifas e Resoluções'!$B$5:$M$44,7,FALSE)-H44)),"") -> 1.1723268 | J44: =IFERROR(I44/G44-1,"") -> 0.069248723 | L44: =VLOOKUP(N44,Rascunho!$I$4:$K$43,2,FALSE) -> CPFL Piratininga | M44: =VLOOKUP(N44,Rascunho!$I$4:$K$43,3,FALSE) -> SP | N44: =LARGE(Rascunho!$I$4:$I$43,39) -> 0.80422664
B45: ='Tarifas e Resoluções'!B44 -> FORCEL (Pacto Energia PR) | C45: PR | D45: =VLOOKUP(C45,Rascunho!$B$3:$C$29,2,FALSE) -> 0.195 | E45: =E44 -> 0.05 | F45: =((VLOOKUP($B45,'Tarifas e Resoluções'!$B$5:$M$44,2,FALSE)-VLOOKUP($B45,'Tarifas e Resoluções'!$B$5:$M$44,4,FALSE))*0.5)+VLOOKUP($B45,'Tarifas e Resoluções'!$B$5:$M$44,4,FALSE) -> 0.705465 | G45: =F45/(1-E45)/(1-D45)+((VLOOKUP($B45,'Tarifas e Resoluções'!$B$5:$M$44,2,FALSE)-F45)/(1-E45)/(1-D45)-(VLOOKUP($B45,'Tarifas e Resoluções'!$B$5:$M$44,2,FALSE)-F45)) -> 1.1060468 | H45: =IF(VLOOKUP($B45,'Tarifas e Resoluções'!$B$5:$M$44,7,FALSE)="","",((VLOOKUP($B45,'Tarifas e Resoluções'!$B$5:$M$44,7,FALSE)-VLOOKUP($B45,'Tarifas e Resoluções'!$B$5:$M$44,9,FALSE))*0.5)+VLOOKUP($B45,'Tarifas e Resoluções'!$B$5:$M$44,9,FALSE)) | I45: =IFERROR(H45/(1-E45)/(1-D45)+((VLOOKUP($B45,'Tarifas e Resoluções'!$B$5:$M$44,7,FALSE)-H45)/(1-E45)/(1-D45)-(VLOOKUP($B45,'Tarifas e Resoluções'!$B$5:$M$44,7,FALSE)-H45)),"") | J45: =IFERROR(I45/G45-1,"") | L45: =VLOOKUP(N45,Rascunho!$I$4:$K$43,2,FALSE) -> Enel SP (ELETROPAULO) | M45: =VLOOKUP(N45,Rascunho!$I$4:$K$43,3,FALSE) -> SP | N45: =LARGE(Rascunho!$I$4:$I$43,40) -> 0.79819999

Sheet Tarifas Energia
B2: Concessionárias | C2: Estado | D2: ICMS | E2: PIS/COFINS | F2: ANTERIOR | H2: ATUAL | J2: Reajuste | K2: ANTERIOR | M2: ATUAL | O2: Reajuste | R2: RANKING Tarifas de Energia - TE (Proporcional)
F3: TE P | H3: TE P | K3: TE FP | M3: TE FP
F4: S/ Imp | G4: C/ Imp | H4: S/ Imp | I4: C/ Imp | K4: S/ Imp | L4: C/ Imp | M4: S/ Imp | N4: C/ Imp | R4: Concessionária | S4: Estado | T4: Tarifa Ponta
B5: ='Tarifas e Resoluções'!B5 -> Equatorial PA | C5: PA | D5: =VLOOKUP(C5,Rascunho!$B$3:$C$29,2,FALSE) -> 0.19 | E5: 0.05 | F5: =VLOOKUP($B5,'Tarifas e Resoluções'!$B$5:$M$44,3,FALSE) -> 0.43857 | G5: =F5/(1-E5)/(1-D5) -> 0.56994152 | H5: =IF(VLOOKUP($B5,'Tarifas e Resoluções'!$B$5:$M$44,8,FALSE)="","",VLOOKUP($B5,'Tarifas e Resoluções'!$B$5:$M$44,8,FALSE)) -> 0.4913 | I5: =IFERROR(H5/(1-E5)/(1-D5),"") -> 0.63846654 | J5: =IFERROR(I5/G5-1,"") -> 0.12023166 | K5: =VLOOKUP($B5,'Tarifas e Resoluções'!$B$5:$M$44,5,FALSE) -> 0.26893 | L5: =K5/(1-E5)/(1-D5) -> 0.34948668 | M5: =IF(VLOOKUP($B5,'Tarifas e Resoluções'!$B$5:$M$44,10,FALSE)="","",VLOOKUP($B5,'Tarifas e Resoluções'!$B$5:$M$44,10,FALSE)) -> 0.28528 | N5: =IFERROR(M5/(1-E5)/(1-D5),"") -> 0.37073424 | O5: =IFERROR(N5/L5-1,"") -> 0.06079649 | Q5: 1 | R5: =VLOOKUP(T5,Rascunho!$M$4:$O$43,2,FALSE) -> Neoenergia Brasília (CEB) | S5: =VLOOKUP(T5,Rascunho!$M$4:$O$43,3,FALSE) -> DF | T5: =LARGE(Rascunho!$M$4:$M$43,1) -> 0.52277289
B6: ='Tarifas e Resoluções'!B6 -> Energisa TO (ETO) | C6: TO | D6: =VLOOKUP(C6,Rascunho!$B$3:$C$29,2,FALSE) -> 0.2 | E6: =E5 -> 0.05 | F6: =VLOOKUP($B6,'Tarifas e Resoluções'!$B$5:$M$44,3,FALSE) -> 0.44315 | G6: =F6/(1-E6)/(1-D6) -> 0.58309211 | H6: =IF(VLOOKUP($B6,'Tarifas e Resoluções'!$B$5:$M$44,8,FALSE)="","",VLOOKUP($B6,'Tarifas e Resoluções'!$B$5:$M$44,8,FALSE)) -> 0.48892 | I6: =IFERROR(H6/(1-E6)/(1-D6),"") -> 0.64331579 | J6: =IFERROR(I6/G6-1,"") -> 0.10328331 | K6: =VLOOKUP($B6,'Tarifas e Resoluções'!$B$5:$M$44,5,FALSE) -> 0.27255 | L6: =K6/(1-E6)/(1-D6) -> 0.35861842 | M6: =IF(VLOOKUP($B6,'Tarifas e Resoluções'!$B$5:$M$44,10,FALSE)="","",VLOOKUP($B6,'Tarifas e Resoluções'!$B$5:$M$44,10,FALSE)) -> 0.29608 | N6: =IFERROR(M6/(1-E6)/(1-D6),"") -> 0.38957895 | O6: =IFERROR(N6/L6-1,"") -> 0.086332783 | Q6: 2 | R6: =VLOOKUP(T6,Rascunho!$M$4:$O$43,2,FALSE) -> Energisa Minas Rio (EMR) | S6: =VLOOKUP(T6,Rascunho!$M$4:$O$43,3,FALSE) -> MG | T6: =LARGE(Rascunho!$M$4:$M$43,2) -> 0.46392931
B7: ='Tarifas e Resoluções'!B7 -> Equatorial MA | C7: MA | D7: =VLOOKUP(C7,Rascunho!$B$3:$C$29,2,FALSE) -> 0.22 | E7: =E6 -> 0.05 | F7: =VLOOKUP($B7,'Tarifas e Resoluções'!$B$5:$M$44,3,FALSE) -> 0.43069 | G7: =F7/(1-E7)/(1-D7) -> 0.58122807 | H7: =IF(VLOOKUP($B7,'Tarifas e Resoluções'!$B$5:$M$44,8,FALSE)="","",VLOOKUP($B7,'Tarifas e Resoluções'!$B$5:$M$44,8,FALSE)) -> 0.47206 | I7: =IFERROR(H7/(1-E7)/(1-D7),"") -> 0.63705803 | J7: =IFERROR(I7/G7-1,"") -> 0.096055167 | K7: =VLOOKUP($B7,'Tarifas e Resoluções'!$B$5:$M$44,5,FALSE) -> 0.26656 | L7: =K7/(1-E7)/(1-D7) -> 0.35973009 | M7: =IF(VLOOKUP($B7,'Tarifas e Resoluções'!$B$5:$M$44,10,FALSE)="","",VLOOKUP($B7,'Tarifas e Resoluções'!$B$5:$M$44,10,FALSE)) -> 0.27606 | N7: =IFERROR(M7/(1-E7)/(1-D7),"") -> 0.37255061 | O7: =IFERROR(N7/L7-1,"") -> 0.035639256 | Q7: 3 | R7: =VLOOKUP(T7,Rascunho!$M$4:$O$43,2,FALSE) -> Roraima Energia (Boa Vista) | S7: =VLOOKUP(T7,Rascunho!$M$4:$O$43,3,FALSE) -> RR | T7: =LARGE(Rascunho!$M$4:$M$43,3) -> 0.45320386
B8: ='Tarifas e Resoluções'!B8 -> Energisa AC (EAC) | C8: AC | D8: =VLOOKUP(C8,Rascunho!$B$3:$C$29,2,FALSE) -> 0.19 | E8: =E7 -> 0.05 | F8: =VLOOKUP($B8,'Tarifas e Resoluções'!$B$5:$M$44,3,FALSE) -> 0.28833 | G8: =F8/(1-E8)/(1-D8) -> 0.37469786 | H8: =IF(VLOOKUP($B8,'Tarifas e Resoluções'!$B$5:$M$44,8,FALSE)="","",VLOOKUP($B8,'Tarifas e Resoluções'!$B$5:$M$44,8,FALSE)) | I8: =IFERROR(H8/(1-E8)/(1-D8),"") | J8: =IFERROR(I8/G8-1,"") | K8: =VLOOKUP($B8,'Tarifas e Resoluções'!$B$5:$M$44,5,FALSE) -> 0.14153 | L8: =K8/(1-E8)/(1-D8) -> 0.18392463 | M8: =IF(VLOOKUP($B8,'Tarifas e Resoluções'!$B$5:$M$44,10,FALSE)="","",VLOOKUP($B8,'Tarifas e Resoluções'!$B$5:$M$44,10,FALSE)) | N8: =IFERROR(M8/(1-E8)/(1-D8),"") | O8: =IFERROR(N8/L8-1,"") | Q8: 4 | R8: =VLOOKUP(T8,Rascunho!$M$4:$O$43,2,FALSE) -> RGE Sul | S8: =VLOOKUP(T8,Rascunho!$M$4:$O$43,3,FALSE) -> RS | T8: =LARGE(Rascunho!$M$4:$M$43,4) -> 0.45233592
B9: ='Tarifas e Resoluções'!B9 -> Energisa RO (ERO) | C9: RO | D9: =VLOOKUP(C9,Rascunho!$B$3:$C$29,2,FALSE) -> 0.195 | E9: =E8 -> 0.05 | F9: =VLOOKUP($B9,'Tarifas e Resoluções'!$B$5:$M$44,3,FALSE) -> 0.3858 | G9: =F9/(1-E9)/(1-D9) -> 0.50447859 | H9: =IF(VLOOKUP($B9,'Tarifas e Resoluções'!$B$5:$M$44,8,FALSE)="","",VLOOKUP($B9,'Tarifas e Resoluções'!$B$5:$M$44,8,FALSE)) | I9: =IFERROR(H9/(1-E9)/(1-D9),"") | J9: =IFERROR(I9/G9-1,"") | K9: =VLOOKUP($B9,'Tarifas e Resoluções'!$B$5:$M$44,5,FALSE) -> 0.20039 | L9: =K9/(1-E9)/(1-D9) -> 0.26203334 | M9: =IF(VLOOKUP($B9,'Tarifas e Resoluções'!$B$5:$M$44,10,FALSE)="","",VLOOKUP($B9,'Tarifas e Resoluções'!$B$5:$M$44,10,FALSE)) | N9: =IFERROR(M9/(1-E9)/(1-D9),"") | O9: =IFERROR(N9/L9-1,"") | Q9: 5 | R9: =VLOOKUP(T9,Rascunho!$M$4:$O$43,2,FALSE) -> Enel RJ | S9: =VLOOKUP(T9,Rascunho!$M$4:$O$43,3,FALSE) -> RJ | T9: =LARGE(Rascunho!$M$4:$M$43,5) -> 0.4403418
B10: ='Tarifas e Resoluções'!B10 -> LIGHT (LIGHT SESA) | C10: RJ | D10: =VLOOKUP(C10,Rascunho!$B$3:$C$29,2,FALSE) -> 0.22 | E10: =E9 -> 0.05 | F10: =VLOOKUP($B10,'Tarifas e Resoluções'!$B$5:$M$44,3,FALSE) -> 0.46099 | G10: =F10/(1-E10)/(1-D10) -> 0.62211876 | H10: =IF(VLOOKUP($B10,'Tarifas e Resoluções'!$B$5:$M$44,8,FALSE)="","",VLOOKUP($B10,'Tarifas e Resoluções'!$B$5:$M$44,8,FALSE)) -> 0.43742 | I10: =IFERROR(H10/(1-E10)/(1-D10),"") -> 0.59031039 | J10: =IFERROR(I10/G10-1,"") -> -0.051129092 | K10: =VLOOKUP($B10,'Tarifas e Resoluções'!$B$5:$M$44,5,FALSE) -> 0.29436 | L10: =K10/(1-E10)/(1-D10) -> 0.39724696 | M10: =IF(VLOOKUP($B10,'Tarifas e Resoluções'!$B$5:$M$44,10,FALSE)="","",VLOOKUP($B10,'Tarifas e Resoluções'!$B$5:$M$44,10,FALSE)) -> 0.28537 | N10: =IFERROR(M10/(1-E10)/(1-D10),"") -> 0.38511471 | O10: =IFERROR(N10/L10-1,"") -> -0.030540834 | Q10: 6 | R10: =VLOOKUP(T10,Rascunho!$M$4:$O$43,2,FALSE) -> CELESC | S10: =VLOOKUP(T10,Rascunho!$M$4:$O$43,3,FALSE) -> SC | T10: =LARGE(Rascunho!$M$4:$M$43,6) -> 0.43902379
B11: ='Tarifas e Resoluções'!B11 -> Energisa MT (EMT) | C11: MT | D11: =VLOOKUP(C11,Rascunho!$B$3:$C$29,2,FALSE) -> 0.17 | E11: =E10 -> 0.05 | F11: =VLOOKUP($B11,'Tarifas e Resoluções'!$B$5:$M$44,3,FALSE) -> 0.47966 | G11: =F11/(1-E11)/(1-D11) -> 0.60831959 | H11: =IF(VLOOKUP($B11,'Tarifas e Resoluções'!$B$5:$M$44,8,FALSE)="","",VLOOKUP($B11,'Tarifas e Resoluções'!$B$5:$M$44,8,FALSE)) -> 0.4892 | I11: =IFERROR(H11/(1-E11)/(1-D11),"") -> 0.62041852 | J11: =IFERROR(I11/G11-1,"") -> 0.019889088 | K11: =VLOOKUP($B11,'Tarifas e Resoluções'!$B$5:$M$44,5,FALSE) -> 0.28462 | L11: =K11/(1-E11)/(1-D11) -> 0.36096386 | M11: =IF(VLOOKUP($B11,'Tarifas e Resoluções'!$B$5:$M$44,10,FALSE)="","",VLOOKUP($B11,'Tarifas e Resoluções'!$B$5:$M$44,10,FALSE)) -> 0.28446 | N11: =IFERROR(M11/(1-E11)/(1-D11),"") -> 0.36076094 | O11: =IFERROR(N11/L11-1,"") -> -0.00056215305 | Q11: 7 | R11: =VLOOKUP(T11,Rascunho!$M$4:$O$43,2,FALSE) -> CPFL Piratininga | S11: =VLOOKUP(T11,Rascunho!$M$4:$O$43,3,FALSE) -> SP | T11: =LARGE(Rascunho!$M$4:$M$43,7) -> 0.43546334
B12: ='Tarifas e Resoluções'!B12 -> Energisa PB (EPB) | C12: PB | D12: =VLOOKUP(C12,Rascunho!$B$3:$C$29,2,FALSE) -> 0.2 | E12: =E11 -> 0.05 | F12: =VLOOKUP($B12,'Tarifas e Resoluções'!$B$5:$M$44,3,FALSE) -> 0.40487 | G12: =F12/(1-E12)/(1-D12) -> 0.53272368 | H12: =IF(VLOOKUP($B12,'Tarifas e Resoluções'!$B$5:$M$44,8,FALSE)="","",VLOOKUP($B12,'Tarifas e Resoluções'!$B$5:$M$44,8,FALSE)) -> 0.42819 | I12: =IFERROR(H12/(1-E12)/(1-D12),"") -> 0.56340789 | J12: =IFERROR(I12/G12-1,"") -> 0.057598735 | K12: =VLOOKUP($B12,'Tarifas e Resoluções'!$B$5:$M$44,5,FALSE) -> 0.2407 | L12: =K12/(1-E12)/(1-D12) -> 0.31671053 | M12: =IF(VLOOKUP($B12,'Tarifas e Resoluções'!$B$5:$M$44,10,FALSE)="","",VLOOKUP($B12,'Tarifas e Resoluções'!$B$5:$M$44,10,FALSE)) -> 0.24537 | N12: =IFERROR(M12/(1-E12)/(1-D12),"") -> 0.32285526 | O12: =IFERROR(N12/L12-1,"") -> 0.019401745 | Q12: 8 | R12: =VLOOKUP(T12,Rascunho!$M$4:$O$43,2,FALSE) -> CEEE Equatorial | S12: =VLOOKUP(T12,Rascunho!$M$4:$O$43,3,FALSE) -> RS | T12: =LARGE(Rascunho!$M$4:$M$43,8) -> 0.42965746
B13: ='Tarifas e Resoluções'!B13 -> SULGIPE | C13: SE | D13: =VLOOKUP(C13,Rascunho!$B$3:$C$29,2,FALSE) -> 0.2 | E13: =E12 -> 0.05 | F13: =VLOOKUP($B13,'Tarifas e Resoluções'!$B$5:$M$44,3,FALSE) -> 0.35235 | G13: =F13/(1-E13)/(1-D13) -> 0.46361842 | H13: =IF(VLOOKUP($B13,'Tarifas e Resoluções'!$B$5:$M$44,8,FALSE)="","",VLOOKUP($B13,'Tarifas e Resoluções'!$B$5:$M$44,8,FALSE)) -> 0.36613 | I13: =IFERROR(H13/(1-E13)/(1-D13),"") -> 0.48175 | J13: =IFERROR(I13/G13-1,"") -> 0.039108841 | K13: =VLOOKUP($B13,'Tarifas e Resoluções'!$B$5:$M$44,5,FALSE) -> 0.21751 | L13: =K13/(1-E13)/(1-D13) -> 0.28619737 | M13: =IF(VLOOKUP($B13,'Tarifas e Resoluções'!$B$5:$M$44,10,FALSE)="","",VLOOKUP($B13,'Tarifas e Resoluções'!$B$5:$M$44,10,FALSE)) -> 0.22247 | N13: =IFERROR(M13/(1-E13)/(1-D13),"") -> 0.29272368 | O13: =IFERROR(N13/L13-1,"") -> 0.022803549 | Q13: 9 | R13: =VLOOKUP(T13,Rascunho!$M$4:$O$43,2,FALSE) -> EDP ES | S13: =VLOOKUP(T13,Rascunho!$M$4:$O$43,3,FALSE) -> ES | T13: =LARGE(Rascunho!$M$4:$M$43,9) -> 0.4286763
B14: ='Tarifas e Resoluções'!B14 -> Neoenergia PE | C14: PE | D14: =VLOOKUP(C14,Rascunho!$B$3:$C$29,2,FALSE) -> 0.205 | E14: =E13 -> 0.05 | F14: =VLOOKUP($B14,'Tarifas e Resoluções'!$B$5:$M$44,3,FALSE) -> 0.43671 | G14: =F14/(1-E14)/(1-D14) -> 0.57823237 | H14: =IF(VLOOKUP($B14,'Tarifas e Resoluções'!$B$5:$M$44,8,FALSE)="","",VLOOKUP($B14,'Tarifas e Resoluções'!$B$5:$M$44,8,FALSE)) -> 0.4377 | I14: =IFERROR(H14/(1-E14)/(1-D14),"") -> 0.5795432 | J14: =IFERROR(I14/G14-1,"") -> 0.0022669506 | K14: =VLOOKUP($B14,'Tarifas e Resoluções'!$B$5:$M$44,5,FALSE) -> 0.2661 | L14: =K14/(1-E14)/(1-D14) -> 0.35233366 | M14: =IF(VLOOKUP($B14,'Tarifas e Resoluções'!$B$5:$M$44,10,FALSE)="","",VLOOKUP($B14,'Tarifas e Resoluções'!$B$5:$M$44,10,FALSE)) -> 0.25527 | N14: =IFERROR(M14/(1-E14)/(1-D14),"") -> 0.33799404 | O14: =IFERROR(N14/L14-1,"") -> -0.040698985 | Q14: 10 | R14: =VLOOKUP(T14,Rascunho!$M$4:$O$43,2,FALSE) -> Neoenergia Elektro (ELEKTRO) | S14: =VLOOKUP(T14,Rascunho!$M$4:$O$43,3,FALSE) -> SP | T14: =LARGE(Rascunho!$M$4:$M$43,10) -> 0.41942276
B15: ='Tarifas e Resoluções'!B15 -> Neoenergia BA (COELBA) | C15: BA | D15: =VLOOKUP(C15,Rascunho!$B$3:$C$29,2,FALSE) -> 0.1295 | E15: =E14 -> 0.05 | F15: =VLOOKUP($B15,'Tarifas e Resoluções'!$B$5:$M$44,3,FALSE) -> 0.42776 | G15: =F15/(1-E15)/(1-D15) -> 0.51725868 | H15: =IF(VLOOKUP($B15,'Tarifas e Resoluções'!$B$5:$M$44,8,FALSE)="","",VLOOKUP($B15,'Tarifas e Resoluções'!$B$5:$M$44,8,FALSE)) -> 0.44144 | I15: =IFERROR(H15/(1-E15)/(1-D15),"") -> 0.5338009 | J15: =IFERROR(I15/G15-1,"") -> 0.03198055 | K15: =VLOOKUP($B15,'Tarifas e Resoluções'!$B$5:$M$44,5,FALSE) -> 0.26248 | L15: =K15/(1-E15)/(1-D15) -> 0.31739774 | M15: =IF(VLOOKUP($B15,'Tarifas e Resoluções'!$B$5:$M$44,10,FALSE)="","",VLOOKUP($B15,'Tarifas e Resoluções'!$B$5:$M$44,10,FALSE)) -> 0.25224 | N15: =IFERROR(M15/(1-E15)/(1-D15),"") -> 0.30501527 | O15: =IFERROR(N15/L15-1,"") -> -0.039012496 | Q15: 11 | R15: =VLOOKUP(T15,Rascunho!$M$4:$O$43,2,FALSE) -> EDP SP | S15: =VLOOKUP(T15,Rascunho!$M$4:$O$43,3,FALSE) -> SP | T15: =LARGE(Rascunho!$M$4:$M$43,11) -> 0.41687675
B16: ='Tarifas e Resoluções'!B16 -> Equatorial PI | C16: PI | D16: =VLOOKUP(C16,Rascunho!$B$3:$C$29,2,FALSE) -> 0.225 | E16: =E15 -> 0.05 | F16: =VLOOKUP($B16,'Tarifas e Resoluções'!$B$5:$M$44,3,FALSE) -> 0.46025 | G16: =F16/(1-E16)/(1-D16) -> 0.62512733 | H16: =IF(VLOOKUP($B16,'Tarifas e Resoluções'!$B$5:$M$44,8,FALSE)="","",VLOOKUP($B16,'Tarifas e Resoluções'!$B$5:$M$44,8,FALSE)) | I16: =IFERROR(H16/(1-E16)/(1-D16),"") | J16: =IFERROR(I16/G16-1,"") | K16: =VLOOKUP($B16,'Tarifas e Resoluções'!$B$5:$M$44,5,FALSE) -> 0.2817 | L16: =K16/(1-E16)/(1-D16) -> 0.3826146 | M16: =IF(VLOOKUP($B16,'Tarifas e Resoluções'!$B$5:$M$44,10,FALSE)="","",VLOOKUP($B16,'Tarifas e Resoluções'!$B$5:$M$44,10,FALSE)) | N16: =IFERROR(M16/(1-E16)/(1-D16),"") | O16: =IFERROR(N16/L16-1,"") | Q16: 12 | R16: =VLOOKUP(T16,Rascunho!$M$4:$O$43,2,FALSE) -> Equatorial GO | S16: =VLOOKUP(T16,Rascunho!$M$4:$O$43,3,FALSE) -> GO | T16: =LARGE(Rascunho!$M$4:$M$43,12) -> 0.41519464
B17: ='Tarifas e Resoluções'!B17 -> Energisa MS (EMS) | C17: MS | D17: =VLOOKUP(C17,Rascunho!$B$3:$C$29,2,FALSE) -> 0.17 | E17: =E16 -> 0.05 | F17: =VLOOKUP($B17,'Tarifas e Resoluções'!$B$5:$M$44,3,FALSE) -> 0.44621 | G17: =F17/(1-E17)/(1-D17) -> 0.56589727 | H17: =IF(VLOOKUP($B17,'Tarifas e Resoluções'!$B$5:$M$44,8,FALSE)="","",VLOOKUP($B17,'Tarifas e Resoluções'!$B$5:$M$44,8,FALSE)) -> 0.48948 | I17: =IFERROR(H17/(1-E17)/(1-D17),"") -> 0.62077362 | J17: =IFERROR(I17/G17-1,"") -> 0.096972278 | K17: =VLOOKUP($B17,'Tarifas e Resoluções'!$B$5:$M$44,5,FALSE) -> 0.26963 | L17: =K17/(1-E17)/(1-D17) -> 0.34195308 | M17: =IF(VLOOKUP($B17,'Tarifas e Resoluções'!$B$5:$M$44,10,FALSE)="","",VLOOKUP($B17,'Tarifas e Resoluções'!$B$5:$M$44,10,FALSE)) -> 0.30533 | N17: =IFERROR(M17/(1-E17)/(1-D17),"") -> 0.38722892 | O17: =IFERROR(N17/L17-1,"") -> 0.13240366 | Q17: 13 | R17: =VLOOKUP(T17,Rascunho!$M$4:$O$43,2,FALSE) -> Energisa Sul-Sudeste (ESS) | S17: =VLOOKUP(T17,Rascunho!$M$4:$O$43,3,FALSE) -> SP | T17: =LARGE(Rascunho!$M$4:$M$43,13) -> 0.41323254
B18: ='Tarifas e Resoluções'!B18 -> CEMIG | C18: MG | D18: =VLOOKUP(C18,Rascunho!$B$3:$C$29,2,FALSE) -> 0.18 | E18: =E17 -> 0.05 | F18: =VLOOKUP($B18,'Tarifas e Resoluções'!$B$5:$M$44,3,FALSE) -> 0.47591 | G18: =F18/(1-E18)/(1-D18) -> 0.61092426 | H18: =IF(VLOOKUP($B18,'Tarifas e Resoluções'!$B$5:$M$44,8,FALSE)="","",VLOOKUP($B18,'Tarifas e Resoluções'!$B$5:$M$44,8,FALSE)) -> 0.47422 | I18: =IFERROR(H18/(1-E18)/(1-D18),"") -> 0.60875481 | J18: =IFERROR(I18/G18-1,"") -> -0.0035510916 | K18: =VLOOKUP($B18,'Tarifas e Resoluções'!$B$5:$M$44,5,FALSE) -> 0.29677 | L18: =K18/(1-E18)/(1-D18) -> 0.38096277 | M18: =IF(VLOOKUP($B18,'Tarifas e Resoluções'!$B$5:$M$44,10,FALSE)="","",VLOOKUP($B18,'Tarifas e Resoluções'!$B$5:$M$44,10,FALSE)) -> 0.29498 | N18: =IFERROR(M18/(1-E18)/(1-D18),"") -> 0.37866496 | O18: =IFERROR(N18/L18-1,"") -> -0.006031607 | Q18: 14 | R18: =VLOOKUP(T18,Rascunho!$M$4:$O$43,2,FALSE) -> Amazonas Energia | S18: =VLOOKUP(T18,Rascunho!$M$4:$O$43,3,FALSE) -> AM | T18: =LARGE(Rascunho!$M$4:$M$43,14) -> 0.4124405
B19: ='Tarifas e Resoluções'!B19 -> Equatorial AL | C19: AL | D19: =VLOOKUP(C19,Rascunho!$B$3:$C$29,2,FALSE) -> 0.2 | E19: =E18 -> 0.05 | F19: =VLOOKUP($B19,'Tarifas e Resoluções'!$B$5:$M$44,3,FALSE) -> 0.38757 | G19: =F19/(1-E19)/(1-D19) -> 0.50996053 | H19: =IF(VLOOKUP($B19,'Tarifas e Resoluções'!$B$5:$M$44,8,FALSE)="","",VLOOKUP($B19,'Tarifas e Resoluções'!$B$5:$M$44,8,FALSE)) -> 0.38319 | I19: =IFERROR(H19/(1-E19)/(1-D19),"") -> 0.50419737 | J19: =IFERROR(I19/G19-1,"") -> -0.011301184 | K19: =VLOOKUP($B19,'Tarifas e Resoluções'!$B$5:$M$44,5,FALSE) -> 0.22405 | L19: =K19/(1-E19)/(1-D19) -> 0.29480263 | M19: =IF(VLOOKUP($B19,'Tarifas e Resoluções'!$B$5:$M$44,10,FALSE)="","",VLOOKUP($B19,'Tarifas e Resoluções'!$B$5:$M$44,10,FALSE)) -> 0.19235 | N19: =IFERROR(M19/(1-E19)/(1-D19),"") -> 0.25309211 | O19: =IFERROR(N19/L19-1,"") -> -0.14148628 | Q19: 15 | R19: =VLOOKUP(T19,Rascunho!$M$4:$O$43,2,FALSE) -> Energisa TO (ETO) | S19: =VLOOKUP(T19,Rascunho!$M$4:$O$43,3,FALSE) -> TO | T19: =LARGE(Rascunho!$M$4:$M$43,15) -> 0.41147678
B20: ='Tarifas e Resoluções'!B20 -> COCEL | C20: PR | D20: =VLOOKUP(C20,Rascunho!$B$3:$C$29,2,FALSE) -> 0.195 | E20: =E19 -> 0.05 | F20: =VLOOKUP($B20,'Tarifas e Resoluções'!$B$5:$M$44,3,FALSE) -> 0.40263 | G20: =F20/(1-E20)/(1-D20) -> 0.52648578 | H20: =IF(VLOOKUP($B20,'Tarifas e Resoluções'!$B$5:$M$44,8,FALSE)="","",VLOOKUP($B20,'Tarifas e Resoluções'!$B$5:$M$44,8,FALSE)) -> 0.44749 | I20: =IFERROR(H20/(1-E20)/(1-D20),"") -> 0.58514547 | J20: =IFERROR(I20/G20-1,"") -> 0.11141743 | K20: =VLOOKUP($B20,'Tarifas e Resoluções'!$B$5:$M$44,5,FALSE) -> 0.25411 | L20: =K20/(1-E20)/(1-D20) -> 0.33227852 | M20: =IF(VLOOKUP($B20,'Tarifas e Resoluções'!$B$5:$M$44,10,FALSE)="","",VLOOKUP($B20,'Tarifas e Resoluções'!$B$5:$M$44,10,FALSE)) -> 0.27903 | N20: =IFERROR(M20/(1-E20)/(1-D20),"") -> 0.36486433 | O20: =IFERROR(N20/L20-1,"") -> 0.098067766 | Q20: 16 | R20: =VLOOKUP(T20,Rascunho!$M$4:$O$43,2,FALSE) -> Enel SP (ELETROPAULO) | S20: =VLOOKUP(T20,Rascunho!$M$4:$O$43,3,FALSE) -> SP | T20: =LARGE(Rascunho!$M$4:$M$43,16) -> 0.40752355
B21: ='Tarifas e Resoluções'!B21 -> RGE Sul | C21: RS | D21: =VLOOKUP(C21,Rascunho!$B$3:$C$29,2,FALSE) -> 0.17 | E21: =E20 -> 0.05 | F21: =VLOOKUP($B21,'Tarifas e Resoluções'!$B$5:$M$44,3,FALSE) -> 0.45822 | G21: =F21/(1-E21)/(1-D21) -> 0.58112873 | H21: =IF(VLOOKUP($B21,'Tarifas e Resoluções'!$B$5:$M$44,8,FALSE)="","",VLOOKUP($B21,'Tarifas e Resoluções'!$B$5:$M$44,8,FALSE)) -> 0.54657 | I21: =IFERROR(H21/(1-E21)/(1-D21),"") -> 0.69317692 | J21: =IFERROR(I21/G21-1,"") -> 0.19281131 | K21: =VLOOKUP($B21,'Tarifas e Resoluções'!$B$5:$M$44,5,FALSE) -> 0.28504 | L21: =K21/(1-E21)/(1-D21) -> 0.36149651 | M21: =IF(VLOOKUP($B21,'Tarifas e Resoluções'!$B$5:$M$44,10,FALSE)="","",VLOOKUP($B21,'Tarifas e Resoluções'!$B$5:$M$44,10,FALSE)) -> 0.33873 | N21: =IFERROR(M21/(1-E21)/(1-D21),"") -> 0.42958782 | O21: =IFERROR(N21/L21-1,"") -> 0.18835953 | Q21: 17 | R21: =VLOOKUP(T21,Rascunho!$M$4:$O$43,2,FALSE) -> Energisa MS (EMS) | S21: =VLOOKUP(T21,Rascunho!$M$4:$O$43,3,FALSE) -> MS | T21: =LARGE(Rascunho!$M$4:$M$43,17) -> 0.40738414
B22: ='Tarifas e Resoluções'!B22 -> Equatorial GO | C22: GO | D22: =VLOOKUP(C22,Rascunho!$B$3:$C$29,2,FALSE) -> 0.19 | E22: =E21 -> 0.05 | F22: =VLOOKUP($B22,'Tarifas e Resoluções'!$B$5:$M$44,3,FALSE) -> 0.48489 | G22: =F22/(1-E22)/(1-D22) -> 0.63013645 | H22: =IF(VLOOKUP($B22,'Tarifas e Resoluções'!$B$5:$M$44,8,FALSE)="","",VLOOKUP($B22,'Tarifas e Resoluções'!$B$5:$M$44,8,FALSE)) | I22: =IFERROR(H22/(1-E22)/(1-D22),"") | J22: =IFERROR(I22/G22-1,"") | K22: =VLOOKUP($B22,'Tarifas e Resoluções'!$B$5:$M$44,5,FALSE) -> 0.30387 | L22: =K22/(1-E22)/(1-D22) -> 0.39489279 | M22: =IF(VLOOKUP($B22,'Tarifas e Resoluções'!$B$5:$M$44,10,FALSE)="","",VLOOKUP($B22,'Tarifas e Resoluções'!$B$5:$M$44,10,FALSE)) | N22: =IFERROR(M22/(1-E22)/(1-D22),"") | O22: =IFERROR(N22/L22-1,"") | Q22: 18 | R22: =VLOOKUP(T22,Rascunho!$M$4:$O$43,2,FALSE) -> COPEL | S22: =VLOOKUP(T22,Rascunho!$M$4:$O$43,3,FALSE) -> PR | T22: =LARGE(Rascunho!$M$4:$M$43,18) -> 0.40701796
B23: ='Tarifas e Resoluções'!B23 -> Neoenergia RN (COSERN) | C23: RN | D23: =VLOOKUP(C23,Rascunho!$B$3:$C$29,2,FALSE) -> 0.18 | E23: =E22 -> 0.05 | F23: =VLOOKUP($B23,'Tarifas e Resoluções'!$B$5:$M$44,3,FALSE) -> 0.48578 | G23: =F23/(1-E23)/(1-D23) -> 0.62359435 | H23: =IF(VLOOKUP($B23,'Tarifas e Resoluções'!$B$5:$M$44,8,FALSE)="","",VLOOKUP($B23,'Tarifas e Resoluções'!$B$5:$M$44,8,FALSE)) -> 0.48553 | I23: =IFERROR(H23/(1-E23)/(1-D23),"") -> 0.62327343 | J23: =IFERROR(I23/G23-1,"") -> -0.00051463626 | K23: =VLOOKUP($B23,'Tarifas e Resoluções'!$B$5:$M$44,5,FALSE) -> 0.29476 | L23: =K23/(1-E23)/(1-D23) -> 0.37838254 | M23: =IF(VLOOKUP($B23,'Tarifas e Resoluções'!$B$5:$M$44,10,FALSE)="","",VLOOKUP($B23,'Tarifas e Resoluções'!$B$5:$M$44,10,FALSE)) -> 0.28257 | N23: =IFERROR(M23/(1-E23)/(1-D23),"") -> 0.36273427 | O23: =IFERROR(N23/L23-1,"") -> -0.041355679 | Q23: 19 | R23: =VLOOKUP(T23,Rascunho!$M$4:$O$43,2,FALSE) -> Equatorial PI | S23: =VLOOKUP(T23,Rascunho!$M$4:$O$43,3,FALSE) -> PI | T23: =LARGE(Rascunho!$M$4:$M$43,19) -> 0.40354378
B24: ='Tarifas e Resoluções'!B24 -> CELESC | C24: SC | D24: =VLOOKUP(C24,Rascunho!$B$3:$C$29,2,FALSE) -> 0.17 | E24: =E23 -> 0.05 | F24: =VLOOKUP($B24,'Tarifas e Resoluções'!$B$5:$M$44,3,FALSE) -> 0.48363 | G24: =F24/(1-E24)/(1-D24) -> 0.61335447 | H24: =IF(VLOOKUP($B24,'Tarifas e Resoluções'!$B$5:$M$44,8,FALSE)="","",VLOOKUP($B24,'Tarifas e Resoluções'!$B$5:$M$44,8,FALSE)) -> 0.52711 | I24: =IFERROR(H24/(1-E24)/(1-D24),"") -> 0.66849715 | J24: =IFERROR(I24/G24-1,"") -> 0.089903439 | K24: =VLOOKUP($B24,'Tarifas e Resoluções'!$B$5:$M$44,5,FALSE) -> 0.30123 | L24: =K24/(1-E24)/(1-D24) -> 0.38202917 | M24: =IF(VLOOKUP($B24,'Tarifas e Resoluções'!$B$5:$M$44,10,FALSE)="","",VLOOKUP($B24,'Tarifas e Resoluções'!$B$5:$M$44,10,FALSE)) -> 0.32908 | N24: =IFERROR(M24/(1-E24)/(1-D24),"") -> 0.4173494 | O24: =IFERROR(N24/L24-1,"") -> 0.092454271 | Q24: 20 | R24: =VLOOKUP(T24,Rascunho!$M$4:$O$43,2,FALSE) -> LIGHT (LIGHT SESA) | S24: =VLOOKUP(T24,Rascunho!$M$4:$O$43,3,FALSE) -> RJ | T24: =LARGE(Rascunho!$M$4:$M$43,20) -> 0.40282338
B25: ='Tarifas e Resoluções'!B25 -> Roraima Energia (Boa Vista) | C25: RR | D25: =VLOOKUP(C25,Rascunho!$B$3:$C$29,2,FALSE) -> 0.2 | E25: =E24 -> 0.05 | F25: =VLOOKUP($B25,'Tarifas e Resoluções'!$B$5:$M$44,3,FALSE) -> 0.50138 | G25: =F25/(1-E25)/(1-D25) -> 0.65971053 | H25: =IF(VLOOKUP($B25,'Tarifas e Resoluções'!$B$5:$M$44,8,FALSE)="","",VLOOKUP($B25,'Tarifas e Resoluções'!$B$5:$M$44,8,FALSE)) -> 0.52553 | I25: =IFERROR(H25/(1-E25)/(1-D25),"") -> 0.69148684 | J25: =IFERROR(I25/G25-1,"") -> 0.048167059 | K25: =VLOOKUP($B25,'Tarifas e Resoluções'!$B$5:$M$44,5,FALSE) -> 0.28832 | L25: =K25/(1-E25)/(1-D25) -> 0.37936842 | M25: =IF(VLOOKUP($B25,'Tarifas e Resoluções'!$B$5:$M$44,10,FALSE)="","",VLOOKUP($B25,'Tarifas e Resoluções'!$B$5:$M$44,10,FALSE)) -> 0.32733 | N25: =IFERROR(M25/(1-E25)/(1-D25),"") -> 0.43069737 | O25: =IFERROR(N25/L25-1,"") -> 0.13530105 | Q25: 21 | R25: =VLOOKUP(T25,Rascunho!$M$4:$O$43,2,FALSE) -> CEMIG | S25: =VLOOKUP(T25,Rascunho!$M$4:$O$43,3,FALSE) -> MG | T25: =LARGE(Rascunho!$M$4:$M$43,21) -> 0.39852203
B26: ='Tarifas e Resoluções'!B26 -> Neoenergia Elektro (ELEKTRO) | C26: SP | D26: =VLOOKUP(C26,Rascunho!$B$3:$C$29,2,FALSE) -> 0.18 | E26: =E25 -> 0.05 | F26: =VLOOKUP($B26,'Tarifas e Resoluções'!$B$5:$M$44,3,FALSE) -> 0.48004 | G26: =F26/(1-E26)/(1-D26) -> 0.61622593 | H26: =IF(VLOOKUP($B26,'Tarifas e Resoluções'!$B$5:$M$44,8,FALSE)="","",VLOOKUP($B26,'Tarifas e Resoluções'!$B$5:$M$44,8,FALSE)) -> 0.49666 | I26: =IFERROR(H26/(1-E26)/(1-D26),"") -> 0.63756098 | J26: =IFERROR(I26/G26-1,"") -> 0.034622115 | K26: =VLOOKUP($B26,'Tarifas e Resoluções'!$B$5:$M$44,5,FALSE) -> 0.29732 | L26: =K26/(1-E26)/(1-D26) -> 0.38166881 | M26: =IF(VLOOKUP($B26,'Tarifas e Resoluções'!$B$5:$M$44,10,FALSE)="","",VLOOKUP($B26,'Tarifas e Resoluções'!$B$5:$M$44,10,FALSE)) -> 0.31068 | N26: =IFERROR(M26/(1-E26)/(1-D26),"") -> 0.398819 | O26: =IFERROR(N26/L26-1,"") -> 0.04493475 | Q26: 22 | R26: =VLOOKUP(T26,Rascunho!$M$4:$O$43,2,FALSE) -> Equatorial MA | S26: =VLOOKUP(T26,Rascunho!$M$4:$O$43,3,FALSE) -> MA | T26: =LARGE(Rascunho!$M$4:$M$43,22) -> 0.39537796
B27: ='Tarifas e Resoluções'!B27 -> COPEL | C27: PR | D27: =VLOOKUP(C27,Rascunho!$B$3:$C$29,2,FALSE) -> 0.195 | E27: =E26 -> 0.05 | F27: =VLOOKUP($B27,'Tarifas e Resoluções'!$B$5:$M$44,3,FALSE) -> 0.41369 | G27: =F27/(1-E27)/(1-D27) -> 0.54094802 | H27: =IF(VLOOKUP($B27,'Tarifas e Resoluções'!$B$5:$M$44,8,FALSE)="","",VLOOKUP($B27,'Tarifas e Resoluções'!$B$5:$M$44,8,FALSE)) -> 0.47555 | I27: =IFERROR(H27/(1-E27)/(1-D27),"") -> 0.6218372 | J27: =IFERROR(I27/G27-1,"") -> 0.14953226 | K27: =VLOOKUP($B27,'Tarifas e Resoluções'!$B$5:$M$44,5,FALSE) -> 0.25751 | L27: =K27/(1-E27)/(1-D27) -> 0.33672442 | M27: =IF(VLOOKUP($B27,'Tarifas e Resoluções'!$B$5:$M$44,10,FALSE)="","",VLOOKUP($B27,'Tarifas e Resoluções'!$B$5:$M$44,10,FALSE)) -> 0.29575 | N27: =IFERROR(M27/(1-E27)/(1-D27),"") -> 0.38672769 | O27: =IFERROR(N27/L27-1,"") -> 0.14849909 | Q27: 23 | R27: =VLOOKUP(T27,Rascunho!$M$4:$O$43,2,FALSE) -> Equatorial PA | S27: =VLOOKUP(T27,Rascunho!$M$4:$O$43,3,FALSE) -> PA | T27: =LARGE(Rascunho!$M$4:$M$43,23) -> 0.39383991
B28: ='Tarifas e Resoluções'!B28 -> Enel CE | C28: CE | D28: =VLOOKUP(C28,Rascunho!$B$3:$C$29,2,FALSE) -> 0.2 | E28: =E27 -> 0.05 | F28: =VLOOKUP($B28,'Tarifas e Resoluções'!$B$5:$M$44,3,FALSE) -> 0.37247 | G28: =F28/(1-E28)/(1-D28) -> 0.49009211 | H28: =IF(VLOOKUP($B28,'Tarifas e Resoluções'!$B$5:$M$44,8,FALSE)="","",VLOOKUP($B28,'Tarifas e Resoluções'!$B$5:$M$44,8,FALSE)) -> 0.4092 | I28: =IFERROR(H28/(1-E28)/(1-D28),"") -> 0.53842105 | J28: =IFERROR(I28/G28-1,"") -> 0.098611969 | K28: =VLOOKUP($B28,'Tarifas e Resoluções'!$B$5:$M$44,5,FALSE) -> 0.2325 | L28: =K28/(1-E28)/(1-D28) -> 0.30592105 | M28: =IF(VLOOKUP($B28,'Tarifas e Resoluções'!$B$5:$M$44,10,FALSE)="","",VLOOKUP($B28,'Tarifas e Resoluções'!$B$5:$M$44,10,FALSE)) -> 0.24531 | N28: =IFERROR(M28/(1-E28)/(1-D28),"") -> 0.32277632 | O28: =IFERROR(N28/L28-1,"") -> 0.055096774 | Q28: 24 | R28: =VLOOKUP(T28,Rascunho!$M$4:$O$43,2,FALSE) -> Neoenergia RN (COSERN) | S28: =VLOOKUP(T28,Rascunho!$M$4:$O$43,3,FALSE) -> RN | T28: =LARGE(Rascunho!$M$4:$M$43,24) -> 0.38521916
B29: ='Tarifas e Resoluções'!B29 -> Energisa SE (ESE) | C29: SE | D29: =VLOOKUP(C29,Rascunho!$B$3:$C$29,2,FALSE) -> 0.2 | E29: =E28 -> 0.05 | F29: =VLOOKUP($B29,'Tarifas e Resoluções'!$B$5:$M$44,3,FALSE) -> 0.4265 | G29: =F29/(1-E29)/(1-D29) -> 0.56118421 | H29: =IF(VLOOKUP($B29,'Tarifas e Resoluções'!$B$5:$M$44,8,FALSE)="","",VLOOKUP($B29,'Tarifas e Resoluções'!$B$5:$M$44,8,FALSE)) -> 0.46311 | I29: =IFERROR(H29/(1-E29)/(1-D29),"") -> 0.60935526 | J29: =IFERROR(I29/G29-1,"") -> 0.085838218 | K29: =VLOOKUP($B29,'Tarifas e Resoluções'!$B$5:$M$44,5,FALSE) -> 0.25765 | L29: =K29/(1-E29)/(1-D29) -> 0.33901316 | M29: =IF(VLOOKUP($B29,'Tarifas e Resoluções'!$B$5:$M$44,10,FALSE)="","",VLOOKUP($B29,'Tarifas e Resoluções'!$B$5:$M$44,10,FALSE)) -> 0.26488 | N29: =IFERROR(M29/(1-E29)/(1-D29),"") -> 0.34852632 | O29: =IFERROR(N29/L29-1,"") -> 0.028061324 | Q29: 25 | R29: =VLOOKUP(T29,Rascunho!$M$4:$O$43,2,FALSE) -> COCEL | S29: =VLOOKUP(T29,Rascunho!$M$4:$O$43,3,FALSE) -> PR | T29: =LARGE(Rascunho!$M$4:$M$43,25) -> 0.3838749
B30: ='Tarifas e Resoluções'!B30 -> CEEE Equatorial | C30: RS | D30: =VLOOKUP(C30,Rascunho!$B$3:$C$29,2,FALSE) -> 0.17 | E30: =E29 -> 0.05 | F30: =VLOOKUP($B30,'Tarifas e Resoluções'!$B$5:$M$44,3,FALSE) -> 0.50961 | G30: =F30/(1-E30)/(1-D30) -> 0.64630311 | H30: =IF(VLOOKUP($B30,'Tarifas e Resoluções'!$B$5:$M$44,8,FALSE)="","",VLOOKUP($B30,'Tarifas e Resoluções'!$B$5:$M$44,8,FALSE)) | I30: =IFERROR(H30/(1-E30)/(1-D30),"") | J30: =IFERROR(I30/G30-1,"") | K30: =VLOOKUP($B30,'Tarifas e Resoluções'!$B$5:$M$44,5,FALSE) -> 0.32265 | L30: =K30/(1-E30)/(1-D30) -> 0.40919467 | M30: =IF(VLOOKUP($B30,'Tarifas e Resoluções'!$B$5:$M$44,10,FALSE)="","",VLOOKUP($B30,'Tarifas e Resoluções'!$B$5:$M$44,10,FALSE)) | N30: =IFERROR(M30/(1-E30)/(1-D30),"") | O30: =IFERROR(N30/L30-1,"") | Q30: 26 | R30: =VLOOKUP(T30,Rascunho!$M$4:$O$43,2,FALSE) -> Energisa MT (EMT) | S30: =VLOOKUP(T30,Rascunho!$M$4:$O$43,3,FALSE) -> MT | T30: =LARGE(Rascunho!$M$4:$M$43,26) -> 0.38316974
B31: ='Tarifas e Resoluções'!B31 -> CPFL Paulista | C31: SP | D31: =VLOOKUP(C31,Rascunho!$B$3:$C$29,2,FALSE) -> 0.18 | E31: =E30 -> 0.05 | F31: =VLOOKUP($B31,'Tarifas e Resoluções'!$B$5:$M$44,3,FALSE) -> 0.44454 | G31: =F31/(1-E31)/(1-D31) -> 0.57065469 | H31: =IF(VLOOKUP($B31,'Tarifas e Resoluções'!$B$5:$M$44,8,FALSE)="","",VLOOKUP($B31,'Tarifas e Resoluções'!$B$5:$M$44,8,FALSE)) -> 0.43188 | I31: =IFERROR(H31/(1-E31)/(1-D31),"") -> 0.55440308 | J31: =IFERROR(I31/G31-1,"") -> -0.028478877 | K31: =VLOOKUP($B31,'Tarifas e Resoluções'!$B$5:$M$44,5,FALSE) -> 0.27119 | L31: =K31/(1-E31)/(1-D31) -> 0.3481258 | M31: =IF(VLOOKUP($B31,'Tarifas e Resoluções'!$B$5:$M$44,10,FALSE)="","",VLOOKUP($B31,'Tarifas e Resoluções'!$B$5:$M$44,10,FALSE)) -> 0.27282 | N31: =IFERROR(M31/(1-E31)/(1-D31),"") -> 0.35021823 | O31: =IFERROR(N31/L31-1,"") -> 0.0060105461 | Q31: 27 | R31: =VLOOKUP(T31,Rascunho!$M$4:$O$43,2,FALSE) -> CHESP | S31: =VLOOKUP(T31,Rascunho!$M$4:$O$43,3,FALSE) -> GO | T31: =LARGE(Rascunho!$M$4:$M$43,27) -> 0.37192532
B32: ='Tarifas e Resoluções'!B32 -> CPFL Piratininga | C32: SP | D32: =VLOOKUP(C32,Rascunho!$B$3:$C$29,2,FALSE) -> 0.18 | E32: =E31 -> 0.05 | F32: =VLOOKUP($B32,'Tarifas e Resoluções'!$B$5:$M$44,3,FALSE) -> 0.51345 | G32: =F32/(1-E32)/(1-D32) -> 0.65911425 | H32: =IF(VLOOKUP($B32,'Tarifas e Resoluções'!$B$5:$M$44,8,FALSE)="","",VLOOKUP($B32,'Tarifas e Resoluções'!$B$5:$M$44,8,FALSE)) | I32: =IFERROR(H32/(1-E32)/(1-D32),"") | J32: =IFERROR(I32/G32-1,"") | K32: =VLOOKUP($B32,'Tarifas e Resoluções'!$B$5:$M$44,5,FALSE) -> 0.32277 | L32: =K32/(1-E32)/(1-D32) -> 0.4143389 | M32: =IF(VLOOKUP($B32,'Tarifas e Resoluções'!$B$5:$M$44,10,FALSE)="","",VLOOKUP($B32,'Tarifas e Resoluções'!$B$5:$M$44,10,FALSE)) | N32: =IFERROR(M32/(1-E32)/(1-D32),"") | O32: =IFERROR(N32/L32-1,"") | Q32: 28 | R32: =VLOOKUP(T32,Rascunho!$M$4:$O$43,2,FALSE) -> Energisa SE (ESE) | S32: =VLOOKUP(T32,Rascunho!$M$4:$O$43,3,FALSE) -> SE | T32: =LARGE(Rascunho!$M$4:$M$43,28) -> 0.37103621
B33: ='Tarifas e Resoluções'!B33 -> EDP SP | C33: SP | D33: =VLOOKUP(C33,Rascunho!$B$3:$C$29,2,FALSE) -> 0.18 | E33: =E32 -> 0.05 | F33: =VLOOKUP($B33,'Tarifas e Resoluções'!$B$5:$M$44,3,FALSE) -> 0.48903 | G33: =F33/(1-E33)/(1-D33) -> 0.62776637 | H33: =IF(VLOOKUP($B33,'Tarifas e Resoluções'!$B$5:$M$44,8,FALSE)="","",VLOOKUP($B33,'Tarifas e Resoluções'!$B$5:$M$44,8,FALSE)) | I33: =IFERROR(H33/(1-E33)/(1-D33),"") | J33: =IFERROR(I33/G33-1,"") | K33: =VLOOKUP($B33,'Tarifas e Resoluções'!$B$5:$M$44,5,FALSE) -> 0.30923 | L33: =K33/(1-E33)/(1-D33) -> 0.39695764 | M33: =IF(VLOOKUP($B33,'Tarifas e Resoluções'!$B$5:$M$44,10,FALSE)="","",VLOOKUP($B33,'Tarifas e Resoluções'!$B$5:$M$44,10,FALSE)) | N33: =IFERROR(M33/(1-E33)/(1-D33),"") | O33: =IFERROR(N33/L33-1,"") | Q33: 29 | R33: =VLOOKUP(T33,Rascunho!$M$4:$O$43,2,FALSE) -> CPFL Paulista | S33: =VLOOKUP(T33,Rascunho!$M$4:$O$43,3,FALSE) -> SP | T33: =LARGE(Rascunho!$M$4:$M$43,29) -> 0.36783966
B34: ='Tarifas e Resoluções'!B34 -> Neoenergia Brasília (CEB) | C34: DF | D34: =VLOOKUP(C34,Rascunho!$B$3:$C$29,2,FALSE) -> 0.2 | E34: =E33 -> 0.05 | F34: =VLOOKUP($B34,'Tarifas e Resoluções'!$B$5:$M$44,3,FALSE) -> 0.60225 | G34: =F34/(1-E34)/(1-D34) -> 0.79243421 | H34: =IF(VLOOKUP($B34,'Tarifas e Resoluções'!$B$5:$M$44,8,FALSE)="","",VLOOKUP($B34,'Tarifas e Resoluções'!$B$5:$M$44,8,FALSE)) | I34: =IFERROR(H34/(1-E34)/(1-D34),"") | J34: =IFERROR(I34/G34-1,"") | K34: =VLOOKUP($B34,'Tarifas e Resoluções'!$B$5:$M$44,5,FALSE) -> 0.37795 | L34: =K34/(1-E34)/(1-D34) -> 0.49730263 | M34: =IF(VLOOKUP($B34,'Tarifas e Resoluções'!$B$5:$M$44,10,FALSE)="","",VLOOKUP($B34,'Tarifas e Resoluções'!$B$5:$M$44,10,FALSE)) | N34: =IFERROR(M34/(1-E34)/(1-D34),"") | O34: =IFERROR(N34/L34-1,"") | Q34: 30 | R34: =VLOOKUP(T34,Rascunho!$M$4:$O$43,2,FALSE) -> Neoenergia PE | S34: =VLOOKUP(T34,Rascunho!$M$4:$O$43,3,FALSE) -> PE | T34: =LARGE(Rascunho!$M$4:$M$43,30) -> 0.35884006
B35: ='Tarifas e Resoluções'!B35 -> Enel RJ | C35: RJ | D35: =VLOOKUP(C35,Rascunho!$B$3:$C$29,2,FALSE) -> 0.22 | E35: =E34 -> 0.05 | F35: =VLOOKUP($B35,'Tarifas e Resoluções'!$B$5:$M$44,3,FALSE) -> 0.44591 | G35: =F35/(1-E35)/(1-D35) -> 0.60176788 | H35: =IF(VLOOKUP($B35,'Tarifas e Resoluções'!$B$5:$M$44,8,FALSE)="","",VLOOKUP($B35,'Tarifas e Resoluções'!$B$5:$M$44,8,FALSE)) -> 0.48969 | I35: =IFERROR(H35/(1-E35)/(1-D35),"") -> 0.6608502 | J35: =IFERROR(I35/G35-1,"") -> 0.098181247 | K35: =VLOOKUP($B35,'Tarifas e Resoluções'!$B$5:$M$44,5,FALSE) -> 0.27728 | L35: =K35/(1-E35)/(1-D35) -> 0.37419703 | M35: =IF(VLOOKUP($B35,'Tarifas e Resoluções'!$B$5:$M$44,10,FALSE)="","",VLOOKUP($B35,'Tarifas e Resoluções'!$B$5:$M$44,10,FALSE)) -> 0.31086 | N35: =IFERROR(M35/(1-E35)/(1-D35),"") -> 0.41951417 | O35: =IFERROR(N35/L35-1,"") -> 0.12110502 | Q35: 31 | R35: =VLOOKUP(T35,Rascunho!$M$4:$O$43,2,FALSE) -> FORCEL (Pacto Energia PR) | S35: =VLOOKUP(T35,Rascunho!$M$4:$O$43,3,FALSE) -> PR | T35: =LARGE(Rascunho!$M$4:$M$43,31) -> 0.34730345
B36: ='Tarifas e Resoluções'!B36 -> Enel SP (ELETROPAULO) | C36: SP | D36: =VLOOKUP(C36,Rascunho!$B$3:$C$29,2,FALSE) -> 0.18 | E36: =E35 -> 0.05 | F36: =VLOOKUP($B36,'Tarifas e Resoluções'!$B$5:$M$44,3,FALSE) -> 0.43913 | G36: =F36/(1-E36)/(1-D36) -> 0.56370988 | H36: =IF(VLOOKUP($B36,'Tarifas e Resoluções'!$B$5:$M$44,8,FALSE)="","",VLOOKUP($B36,'Tarifas e Resoluções'!$B$5:$M$44,8,FALSE)) -> 0.48242 | I36: =IFERROR(H36/(1-E36)/(1-D36),"") -> 0.61928113 | J36: =IFERROR(I36/G36-1,"") -> 0.098581286 | K36: =VLOOKUP($B36,'Tarifas e Resoluções'!$B$5:$M$44,5,FALSE) -> 0.27354 | L36: =K36/(1-E36)/(1-D36) -> 0.35114249 | M36: =IF(VLOOKUP($B36,'Tarifas e Resoluções'!$B$5:$M$44,10,FALSE)="","",VLOOKUP($B36,'Tarifas e Resoluções'!$B$5:$M$44,10,FALSE)) -> 0.30188 | N36: =IFERROR(M36/(1-E36)/(1-D36),"") -> 0.38752246 | O36: =IFERROR(N36/L36-1,"") -> 0.10360459 | Q36: 32 | R36: =VLOOKUP(T36,Rascunho!$M$4:$O$43,2,FALSE) -> Energisa PB (EPB) | S36: =VLOOKUP(T36,Rascunho!$M$4:$O$43,3,FALSE) -> PB | T36: =LARGE(Rascunho!$M$4:$M$43,32) -> 0.34361528
B37: ='Tarifas e Resoluções'!B37 -> Amazonas Energia | C37: AM | D37: =VLOOKUP(C37,Rascunho!$B$3:$C$29,2,FALSE) -> 0.2 | E37: =E36 -> 0.05 | F37: =VLOOKUP($B37,'Tarifas e Resoluções'!$B$5:$M$44,3,FALSE) -> 0.53038 | G37: =F37/(1-E37)/(1-D37) -> 0.69786842 | H37: =IF(VLOOKUP($B37,'Tarifas e Resoluções'!$B$5:$M$44,8,FALSE)="","",VLOOKUP($B37,'Tarifas e Resoluções'!$B$5:$M$44,8,FALSE)) -> 0.55479 | I37: =IFERROR(H37/(1-E37)/(1-D37),"") -> 0.72998684 | J37: =IFERROR(I37/G37-1,"") -> 0.046023606 | K37: =VLOOKUP($B37,'Tarifas e Resoluções'!$B$5:$M$44,5,FALSE) -> 0.32926 | L37: =K37/(1-E37)/(1-D37) -> 0.43323684 | M37: =IF(VLOOKUP($B37,'Tarifas e Resoluções'!$B$5:$M$44,10,FALSE)="","",VLOOKUP($B37,'Tarifas e Resoluções'!$B$5:$M$44,10,FALSE)) -> 0.29066 | N37: =IFERROR(M37/(1-E37)/(1-D37),"") -> 0.38244737 | O37: =IFERROR(N37/L37-1,"") -> -0.11723258 | Q37: 33 | R37: =VLOOKUP(T37,Rascunho!$M$4:$O$43,2,FALSE) -> Enel CE | S37: =VLOOKUP(T37,Rascunho!$M$4:$O$43,3,FALSE) -> CE | T37: =LARGE(Rascunho!$M$4:$M$43,33) -> 0.34138675
B38: ='Tarifas e Resoluções'!B38 -> Energisa Sul-Sudeste (ESS) | C38: SP | D38: =VLOOKUP(C38,Rascunho!$B$3:$C$29,2,FALSE) -> 0.18 | E38: =E37 -> 0.05 | F38: =VLOOKUP($B38,'Tarifas e Resoluções'!$B$5:$M$44,3,FALSE) -> 0.48664 | G38: =F38/(1-E38)/(1-D38) -> 0.62469833 | H38: =IF(VLOOKUP($B38,'Tarifas e Resoluções'!$B$5:$M$44,8,FALSE)="","",VLOOKUP($B38,'Tarifas e Resoluções'!$B$5:$M$44,8,FALSE)) -> 0.49245 | I38: =IFERROR(H38/(1-E38)/(1-D38),"") -> 0.63215661 | J38: =IFERROR(I38/G38-1,"") -> 0.01193901 | K38: =VLOOKUP($B38,'Tarifas e Resoluções'!$B$5:$M$44,5,FALSE) -> 0.30118 | L38: =K38/(1-E38)/(1-D38) -> 0.38662388 | M38: =IF(VLOOKUP($B38,'Tarifas e Resoluções'!$B$5:$M$44,10,FALSE)="","",VLOOKUP($B38,'Tarifas e Resoluções'!$B$5:$M$44,10,FALSE)) -> 0.3058 | N38: =IFERROR(M38/(1-E38)/(1-D38),"") -> 0.39255456 | O38: =IFERROR(N38/L38-1,"") -> 0.015339664 | Q38: 34 | R38: =VLOOKUP(T38,Rascunho!$M$4:$O$43,2,FALSE) -> Neoenergia BA (COELBA) | S38: =VLOOKUP(T38,Rascunho!$M$4:$O$43,3,FALSE) -> BA | T38: =LARGE(Rascunho!$M$4:$M$43,34) -> 0.32475978
B39: ='Tarifas e Resoluções'!B39 -> Equatorial AP (CEA) | C39: AP | D39: =VLOOKUP(C39,Rascunho!$B$3:$C$29,2,FALSE) -> 0.18 | E39: =E38 -> 0.05 | F39: =VLOOKUP($B39,'Tarifas e Resoluções'!$B$5:$M$44,3,FALSE) -> 0.35981 | G39: =F39/(1-E39)/(1-D39) -> 0.46188703 | H39: =IF(VLOOKUP($B39,'Tarifas e Resoluções'!$B$5:$M$44,8,FALSE)="","",VLOOKUP($B39,'Tarifas e Resoluções'!$B$5:$M$44,8,FALSE)) -> 0.26573 | I39: =IFERROR(H39/(1-E39)/(1-D39),"") -> 0.34111682 | J39: =IFERROR(I39/G39-1,"") -> -0.26147133 | K39: =VLOOKUP($B39,'Tarifas e Resoluções'!$B$5:$M$44,5,FALSE) -> 0.19381 | L39: =K39/(1-E39)/(1-D39) -> 0.24879332 | M39: =IF(VLOOKUP($B39,'Tarifas e Resoluções'!$B$5:$M$44,10,FALSE)="","",VLOOKUP($B39,'Tarifas e Resoluções'!$B$5:$M$44,10,FALSE)) -> 0.07571 | N39: =IFERROR(M39/(1-E39)/(1-D39),"") -> 0.097188703 | O39: =IFERROR(N39/L39-1,"") -> -0.60935968 | Q39: 35 | R39: =VLOOKUP(T39,Rascunho!$M$4:$O$43,2,FALSE) -> CPFL Santa Cruz | S39: =VLOOKUP(T39,Rascunho!$M$4:$O$43,3,FALSE) -> SP | T39: =LARGE(Rascunho!$M$4:$M$43,35) -> 0.31944189
B40: ='Tarifas e Resoluções'!B40 -> CHESP | C40: GO | D40: =VLOOKUP(C40,Rascunho!$B$3:$C$29,2,FALSE) -> 0.19 | E40: =E39 -> 0.05 | F40: =VLOOKUP($B40,'Tarifas e Resoluções'!$B$5:$M$44,3,FALSE) -> 0.4311 | G40: =F40/(1-E40)/(1-D40) -> 0.56023392 | H40: =IF(VLOOKUP($B40,'Tarifas e Resoluções'!$B$5:$M$44,8,FALSE)="","",VLOOKUP($B40,'Tarifas e Resoluções'!$B$5:$M$44,8,FALSE)) | I40: =IFERROR(H40/(1-E40)/(1-D40),"") | J40: =IFERROR(I40/G40-1,"") | K40: =VLOOKUP($B40,'Tarifas e Resoluções'!$B$5:$M$44,5,FALSE) -> 0.27251 | L40: =K40/(1-E40)/(1-D40) -> 0.35413905 | M40: =IF(VLOOKUP($B40,'Tarifas e Resoluções'!$B$5:$M$44,10,FALSE)="","",VLOOKUP($B40,'Tarifas e Resoluções'!$B$5:$M$44,10,FALSE)) | N40: =IFERROR(M40/(1-E40)/(1-D40),"") | O40: =IFERROR(N40/L40-1,"") | Q40: 36 | R40: =VLOOKUP(T40,Rascunho!$M$4:$O$43,2,FALSE) -> SULGIPE | S40: =VLOOKUP(T40,Rascunho!$M$4:$O$43,3,FALSE) -> SE | T40: =LARGE(Rascunho!$M$4:$M$43,36) -> 0.30903691
B41: ='Tarifas e Resoluções'!B41 -> CPFL Santa Cruz | C41: SP | D41: =VLOOKUP(C41,Rascunho!$B$3:$C$29,2,FALSE) -> 0.18 | E41: =E40 -> 0.05 | F41: =VLOOKUP($B41,'Tarifas e Resoluções'!$B$5:$M$44,3,FALSE) -> 0.38313 | G41: =F41/(1-E41)/(1-D41) -> 0.49182285 | H41: =IF(VLOOKUP($B41,'Tarifas e Resoluções'!$B$5:$M$44,8,FALSE)="","",VLOOKUP($B41,'Tarifas e Resoluções'!$B$5:$M$44,8,FALSE)) -> 0.37616 | I41: =IFERROR(H41/(1-E41)/(1-D41),"") -> 0.48287548 | J41: =IFERROR(I41/G41-1,"") -> -0.018192259 | K41: =VLOOKUP($B41,'Tarifas e Resoluções'!$B$5:$M$44,5,FALSE) -> 0.23231 | L41: =K41/(1-E41)/(1-D41) -> 0.29821566 | M41: =IF(VLOOKUP($B41,'Tarifas e Resoluções'!$B$5:$M$44,10,FALSE)="","",VLOOKUP($B41,'Tarifas e Resoluções'!$B$5:$M$44,10,FALSE)) -> 0.23682 | N41: =IFERROR(M41/(1-E41)/(1-D41),"") -> 0.30400513 | O41: =IFERROR(N41/L41-1,"") -> 0.019413714 | Q41: 37 | R41: =VLOOKUP(T41,Rascunho!$M$4:$O$43,2,FALSE) -> Energisa RO (ERO) | S41: =VLOOKUP(T41,Rascunho!$M$4:$O$43,3,FALSE) -> RO | T41: =LARGE(Rascunho!$M$4:$M$43,37) -> 0.2829567
B42: ='Tarifas e Resoluções'!B42 -> Energisa Minas Rio (EMR) | C42: MG | D42: =VLOOKUP(C42,Rascunho!$B$3:$C$29,2,FALSE) -> 0.18 | E42: =E41 -> 0.05 | F42: =VLOOKUP($B42,'Tarifas e Resoluções'!$B$5:$M$44,3,FALSE) -> 0.53733 | G42: =F42/(1-E42)/(1-D42) -> 0.68976893 | H42: =IF(VLOOKUP($B42,'Tarifas e Resoluções'!$B$5:$M$44,8,FALSE)="","",VLOOKUP($B42,'Tarifas e Resoluções'!$B$5:$M$44,8,FALSE)) -> 0.55717 | I42: =IFERROR(H42/(1-E42)/(1-D42),"") -> 0.71523748 | J42: =IFERROR(I42/G42-1,"") -> 0.036923306 | K42: =VLOOKUP($B42,'Tarifas e Resoluções'!$B$5:$M$44,5,FALSE) -> 0.33242 | L42: =K42/(1-E42)/(1-D42) -> 0.42672657 | M42: =IF(VLOOKUP($B42,'Tarifas e Resoluções'!$B$5:$M$44,10,FALSE)="","",VLOOKUP($B42,'Tarifas e Resoluções'!$B$5:$M$44,10,FALSE)) -> 0.34291 | N42: =IFERROR(M42/(1-E42)/(1-D42),"") -> 0.44019255 | O42: =IFERROR(N42/L42-1,"") -> 0.031556465 | Q42: 38 | R42: =VLOOKUP(T42,Rascunho!$M$4:$O$43,2,FALSE) -> Equatorial AL | S42: =VLOOKUP(T42,Rascunho!$M$4:$O$43,3,FALSE) -> AL | T42: =LARGE(Rascunho!$M$4:$M$43,38) -> 0.27476283
B43: ='Tarifas e Resoluções'!B43 -> EDP ES | C43: ES | D43: =VLOOKUP(C43,Rascunho!$B$3:$C$29,2,FALSE) -> 0.17 | E43: =E42 -> 0.05 | F43: =VLOOKUP($B43,'Tarifas e Resoluções'!$B$5:$M$44,3,FALSE) -> 0.47895 | G43: =F43/(1-E43)/(1-D43) -> 0.60741915 | H43: =IF(VLOOKUP($B43,'Tarifas e Resoluções'!$B$5:$M$44,8,FALSE)="","",VLOOKUP($B43,'Tarifas e Resoluções'!$B$5:$M$44,8,FALSE)) -> 0.51695 | I43: =IFERROR(H43/(1-E43)/(1-D43),"") -> 0.65561192 | J43: =IFERROR(I43/G43-1,"") -> 0.079340223 | K43: =VLOOKUP($B43,'Tarifas e Resoluções'!$B$5:$M$44,5,FALSE) -> 0.30025 | L43: =K43/(1-E43)/(1-D43) -> 0.3807863 | M43: =IF(VLOOKUP($B43,'Tarifas e Resoluções'!$B$5:$M$44,10,FALSE)="","",VLOOKUP($B43,'Tarifas e Resoluções'!$B$5:$M$44,10,FALSE)) -> 0.32111 | N43: =IFERROR(M43/(1-E43)/(1-D43),"") -> 0.4072416 | O43: =IFERROR(N43/L43-1,"") -> 0.069475437 | Q43: 39 | R43: =VLOOKUP(T43,Rascunho!$M$4:$O$43,2,FALSE) -> Energisa AC (EAC) | S43: =VLOOKUP(T43,Rascunho!$M$4:$O$43,3,FALSE) -> AC | T43: =LARGE(Rascunho!$M$4:$M$43,39) -> 0.20038862
B44: ='Tarifas e Resoluções'!B44 -> FORCEL (Pacto Energia PR) | C44: PR | D44: =VLOOKUP(C44,Rascunho!$B$3:$C$29,2,FALSE) -> 0.195 | E44: =E43 -> 0.05 | F44: =VLOOKUP($B44,'Tarifas e Resoluções'!$B$5:$M$44,3,FALSE) -> 0.40038 | G44: =F44/(1-E44)/(1-D44) -> 0.52354364 | H44: =IF(VLOOKUP($B44,'Tarifas e Resoluções'!$B$5:$M$44,8,FALSE)="","",VLOOKUP($B44,'Tarifas e Resoluções'!$B$5:$M$44,8,FALSE)) | I44: =IFERROR(H44/(1-E44)/(1-D44),"") | J44: =IFERROR(I44/G44-1,"") | K44: =VLOOKUP($B44,'Tarifas e Resoluções'!$B$5:$M$44,5,FALSE) -> 0.25287 | L44: =K44/(1-E44)/(1-D44) -> 0.33065708 | M44: =IF(VLOOKUP($B44,'Tarifas e Resoluções'!$B$5:$M$44,10,FALSE)="","",VLOOKUP($B44,'Tarifas e Resoluções'!$B$5:$M$44,10,FALSE)) | N44: =IFERROR(M44/(1-E44)/(1-D44),"") | O44: =IFERROR(N44/L44-1,"") | Q44: 40 | R44: =VLOOKUP(T44,Rascunho!$M$4:$O$43,2,FALSE) -> Equatorial AP (CEA) | S44: =VLOOKUP(T44,Rascunho!$M$4:$O$43,3,FALSE) -> AP | T44: =LARGE(Rascunho!$M$4:$M$43,40) -> 0.11824003

Sheet Rascunho
B2: Estado | C2: ICMS | E2: Mercado Cativo | I2: Mercado Livre | M2: Mercado Cativo
B3: AC | C3: 0.19 | E3: Tarifa Ponta | F3: Distribuidora | G3: Estado | I3: Tarifa Ponta | J3: Distribuidora | K3: Estado | M3: Tarifa Ponta | N3: Distribuidora | O3: Estado
B4: AL | C4: 0.2 | E4: =IF('Tarifas Ponta Cativo'!I5="",'Tarifas Ponta Cativo'!G5,'Tarifas Ponta Cativo'!I5) -> 3.9139311 | F4: Equatorial PA | G4: PA | I4: =IF('Tarifas Ponta Livre'!I6="",'Tarifas Ponta Livre'!G6,'Tarifas Ponta Livre'!I6) -> 2.1112146 | J4: Equatorial PA | K4: PA | M4: =IF('Tarifas Energia'!I5="",('Tarifas Energia'!G5*63+'Tarifas Energia'!L5*667)/730,('Tarifas Energia'!I5*63+'Tarifas Energia'!N5*667)/730) -> 0.39383991 | N4: Equatorial PA | O4: PA
B5: AM | C5: 0.2 | E5: =IF('Tarifas Ponta Cativo'!I6="",'Tarifas Ponta Cativo'!G6,'Tarifas Ponta Cativo'!I6) -> 3.3906447 | F5: Energisa TO (ETO) | G5: TO | I5: =IF('Tarifas Ponta Livre'!I7="",'Tarifas Ponta Livre'!G7,'Tarifas Ponta Livre'!I7) -> 1.7695939 | J5: Energisa TO (ETO) | K5: TO | M5: =IF('Tarifas Energia'!I6="",('Tarifas Energia'!G6*63+'Tarifas Energia'!L6*667)/730,('Tarifas Energia'!I6*63+'Tarifas Energia'!N6*667)/730) -> 0.41147678 | N5: Energisa TO (ETO) | O5: TO
B6: AP | C6: 0.18 | E6: =IF('Tarifas Ponta Cativo'!I7="",'Tarifas Ponta Cativo'!G7,'Tarifas Ponta Cativo'!I7) -> 3.8668016 | F6: Equatorial MA | G6: MA | I6: =IF('Tarifas Ponta Livre'!I8="",'Tarifas Ponta Livre'!G8,'Tarifas Ponta Livre'!I8) -> 2.1106886 | J6: Equatorial MA | K6: MA | M6: =IF('Tarifas Energia'!I7="",('Tarifas Energia'!G7*63+'Tarifas Energia'!L7*667)/730,('Tarifas Energia'!I7*63+'Tarifas Energia'!N7*667)/730) -> 0.39537796 | N6: Equatorial MA | O6: MA
B7: BA | C7: 0.1295 | E7: =IF('Tarifas Ponta Cativo'!I8="",'Tarifas Ponta Cativo'!G8,'Tarifas Ponta Cativo'!I8) -> 3.9532034 | F7: Energisa AC (EAC) | G7: AC | I7: =IF('Tarifas Ponta Livre'!I9="",'Tarifas Ponta Livre'!G9,'Tarifas Ponta Livre'!I9) -> 2.273492 | J7: Energisa AC (EAC) | K7: AC | M7: =IF('Tarifas Energia'!I8="",('Tarifas Energia'!G8*63+'Tarifas Energia'!L8*667)/730,('Tarifas Energia'!I8*63+'Tarifas Energia'!N8*667)/730) -> 0.20038862 | N7: Energisa AC (EAC) | O7: AC
B8: CE | C8: 0.2 | E8: =IF('Tarifas Ponta Cativo'!I9="",'Tarifas Ponta Cativo'!G9,'Tarifas Ponta Cativo'!I9) -> 3.8126185 | F8: Energisa RO (ERO) | G8: RO | I8: =IF('Tarifas Ponta Livre'!I10="",'Tarifas Ponta Livre'!G10,'Tarifas Ponta Livre'!I10) -> 2.1202749 | J8: Energisa RO (ERO) | K8: RO | M8: =IF('Tarifas Energia'!I9="",('Tarifas Energia'!G9*63+'Tarifas Energia'!L9*667)/730,('Tarifas Energia'!I9*63+'Tarifas Energia'!N9*667)/730) -> 0.2829567 | N8: Energisa RO (ERO) | O8: RO
B9: DF | C9: 0.2 | E9: =IF('Tarifas Ponta Cativo'!I10="",'Tarifas Ponta Cativo'!G10,'Tarifas Ponta Cativo'!I10) -> 2.1777868 | F9: LIGHT (LIGHT SESA) | G9: RJ | I9: =IF('Tarifas Ponta Livre'!I11="",'Tarifas Ponta Livre'!G11,'Tarifas Ponta Livre'!I11) -> 1.1068214 | J9: LIGHT (LIGHT SESA) | K9: RJ | M9: =IF('Tarifas Energia'!I10="",('Tarifas Energia'!G10*63+'Tarifas Energia'!L10*667)/730,('Tarifas Energia'!I10*63+'Tarifas Energia'!N10*667)/730) -> 0.40282338 | N9: LIGHT (LIGHT SESA) | O9: RJ
B10: ES | C10: 0.17 | E10: =IF('Tarifas Ponta Cativo'!I11="",'Tarifas Ponta Cativo'!G11,'Tarifas Ponta Cativo'!I11) -> 2.9133545 | F10: Energisa MT (EMT) | G10: MT | I10: =IF('Tarifas Ponta Livre'!I12="",'Tarifas Ponta Livre'!G12,'Tarifas Ponta Livre'!I12) -> 1.471916 | J10: Energisa MT (EMT) | K10: MT | M10: =IF('Tarifas Energia'!I11="",('Tarifas Energia'!G11*63+'Tarifas Energia'!L11*667)/730,('Tarifas Energia'!I11*63+'Tarifas Energia'!N11*667)/730) -> 0.38316974 | N10: Energisa MT (EMT) | O10: MT
B11: GO | C11: 0.19 | E11: =IF('Tarifas Ponta Cativo'!I12="",'Tarifas Ponta Cativo'!G12,'Tarifas Ponta Cativo'!I12) -> 2.2606447 | F11: Energisa PB (EPB) | G11: PB | I11: =IF('Tarifas Ponta Livre'!I13="",'Tarifas Ponta Livre'!G13,'Tarifas Ponta Livre'!I13) -> 1.1155468 | J11: Energisa PB (EPB) | K11: PB | M11: =IF('Tarifas Energia'!I12="",('Tarifas Energia'!G12*63+'Tarifas Energia'!L12*667)/730,('Tarifas Energia'!I12*63+'Tarifas Energia'!N12*667)/730) -> 0.34361528 | N11: Energisa PB (EPB) | O11: PB
B12: MA | C12: 0.22 | E12: =IF('Tarifas Ponta Cativo'!I13="",'Tarifas Ponta Cativo'!G13,'Tarifas Ponta Cativo'!I13) -> 2.7433026 | F12: SULGIPE | G12: SE | I12: =IF('Tarifas Ponta Livre'!I14="",'Tarifas Ponta Livre'!G14,'Tarifas Ponta Livre'!I14)+0.000000000000001 -> 1.4633276 | J12: SULGIPE | K12: SE | M12: =IF('Tarifas Energia'!I13="",('Tarifas Energia'!G13*63+'Tarifas Energia'!L13*667)/730,('Tarifas Energia'!I13*63+'Tarifas Energia'!N13*667)/730) -> 0.30903691 | N12: SULGIPE | O12: SE
B13: MG | C13: 0.18 | E13: =IF('Tarifas Ponta Cativo'!I14="",'Tarifas Ponta Cativo'!G14,'Tarifas Ponta Cativo'!I14) -> 2.0731678 | F13: Neoenergia PE | G13: PE | I13: =IF('Tarifas Ponta Livre'!I15="",'Tarifas Ponta Livre'!G15,'Tarifas Ponta Livre'!I15) -> 0.99138963 | J13: Neoenergia PE | K13: PE | M13: =IF('Tarifas Energia'!I14="",('Tarifas Energia'!G14*63+'Tarifas Energia'!L14*667)/730,('Tarifas Energia'!I14*63+'Tarifas Energia'!N14*667)/730) -> 0.35884006 | N13: Neoenergia PE | O13: PE
B14: MS | C14: 0.17 | E14: =IF('Tarifas Ponta Cativo'!I15="",'Tarifas Ponta Cativo'!G15,'Tarifas Ponta Cativo'!I15) -> 3.8685934 | F14: Neoenergia BA (COELBA) | G14: BA | I14: =IF('Tarifas Ponta Livre'!I16="",'Tarifas Ponta Livre'!G16,'Tarifas Ponta Livre'!I16) -> 2.0254475 | J14: Neoenergia BA (COELBA) | K14: BA | M14: =IF('Tarifas Energia'!I15="",('Tarifas Energia'!G15*63+'Tarifas Energia'!L15*667)/730,('Tarifas Energia'!I15*63+'Tarifas Energia'!N15*667)/730) -> 0.32475978 | N14: Neoenergia BA (COELBA) | O14: BA
B15: MT | C15: 0.17 | E15: =IF('Tarifas Ponta Cativo'!I16="",'Tarifas Ponta Cativo'!G16,'Tarifas Ponta Cativo'!I16) -> 3.744489 | F15: Equatorial PI | G15: PI | I15: =IF('Tarifas Ponta Livre'!I17="",'Tarifas Ponta Livre'!G17,'Tarifas Ponta Livre'!I17) -> 2.0411516 | J15: Equatorial PI | K15: PI | M15: =IF('Tarifas Energia'!I16="",('Tarifas Energia'!G16*63+'Tarifas Energia'!L16*667)/730,('Tarifas Energia'!I16*63+'Tarifas Energia'!N16*667)/730) -> 0.40354378 | N15: Equatorial PI | O15: PI
B16: PA | C16: 0.19 | E16: =IF('Tarifas Ponta Cativo'!I17="",'Tarifas Ponta Cativo'!G17,'Tarifas Ponta Cativo'!I17) -> 3.0203044 | F16: Energisa MS (EMS) | G16: MS | I16: =IF('Tarifas Ponta Livre'!I18="",'Tarifas Ponta Livre'!G18,'Tarifas Ponta Livre'!I18) -> 1.5433708 | J16: Energisa MS (EMS) | K16: MS | M16: =IF('Tarifas Energia'!I17="",('Tarifas Energia'!G17*63+'Tarifas Energia'!L17*667)/730,('Tarifas Energia'!I17*63+'Tarifas Energia'!N17*667)/730) -> 0.40738414 | N16: Energisa MS (EMS) | O16: MS
B17: PB | C17: 0.2 | E17: =IF('Tarifas Ponta Cativo'!I18="",'Tarifas Ponta Cativo'!G18,'Tarifas Ponta Cativo'!I18) -> 3.0644159 | F17: CEMIG | G17: MG | I17: =IF('Tarifas Ponta Livre'!I19="",'Tarifas Ponta Livre'!G19,'Tarifas Ponta Livre'!I19) -> 1.5920761 | J17: CEMIG | K17: MG | M17: =IF('Tarifas Energia'!I18="",('Tarifas Energia'!G18*63+'Tarifas Energia'!L18*667)/730,('Tarifas Energia'!I18*63+'Tarifas Energia'!N18*667)/730) -> 0.39852203 | N17: CEMIG | O17: MG
B18: PE | C18: 0.205 | E18: =IF('Tarifas Ponta Cativo'!I19="",'Tarifas Ponta Cativo'!G19,'Tarifas Ponta Cativo'!I19) -> 2.9714868 | F18: Equatorial AL | G18: AL | I18: =IF('Tarifas Ponta Livre'!I20="",'Tarifas Ponta Livre'!G20,'Tarifas Ponta Livre'!I20) -> 1.6156945 | J18: Equatorial AL | K18: AL | M18: =IF('Tarifas Energia'!I19="",('Tarifas Energia'!G19*63+'Tarifas Energia'!L19*667)/730,('Tarifas Energia'!I19*63+'Tarifas Energia'!N19*667)/730) -> 0.27476283 | N18: Equatorial AL | O18: AL
B19: PI | C19: 0.225 | E19: =IF('Tarifas Ponta Cativo'!I20="",'Tarifas Ponta Cativo'!G20,'Tarifas Ponta Cativo'!I20) -> 2.4122916 | F19: COCEL | G19: PR | I19: =IF('Tarifas Ponta Livre'!I21="",'Tarifas Ponta Livre'!G21,'Tarifas Ponta Livre'!I21) -> 1.1906711 | J19: COCEL | K19: PR | M19: =IF('Tarifas Energia'!I20="",('Tarifas Energia'!G20*63+'Tarifas Energia'!L20*667)/730,('Tarifas Energia'!I20*63+'Tarifas Energia'!N20*667)/730) -> 0.3838749 | N19: COCEL | O19: PR
B20: PR | C20: 0.195 | E20: =IF('Tarifas Ponta Cativo'!I21="",'Tarifas Ponta Cativo'!G21,'Tarifas Ponta Cativo'!I21) -> 3.0202536 | F20: RGE Sul | G20: RS | I20: =IF('Tarifas Ponta Livre'!I22="",'Tarifas Ponta Livre'!G22,'Tarifas Ponta Livre'!I22) -> 1.4885117 | J20: RGE Sul | K20: RS | M20: =IF('Tarifas Energia'!I21="",('Tarifas Energia'!G21*63+'Tarifas Energia'!L21*667)/730,('Tarifas Energia'!I21*63+'Tarifas Energia'!N21*667)/730) -> 0.45233592 | N20: RGE Sul | O20: RS
B21: RJ | C21: 0.22 | E21: =IF('Tarifas Ponta Cativo'!I22="",'Tarifas Ponta Cativo'!G22,'Tarifas Ponta Cativo'!I22) -> 2.7823912 | F21: Equatorial GO | G21: GO | I21: =IF('Tarifas Ponta Livre'!I23="",'Tarifas Ponta Livre'!G23,'Tarifas Ponta Livre'!I23) -> 1.3989797 | J21: Equatorial GO | K21: GO | M21: =IF('Tarifas Energia'!I22="",('Tarifas Energia'!G22*63+'Tarifas Energia'!L22*667)/730,('Tarifas Energia'!I22*63+'Tarifas Energia'!N22*667)/730) -> 0.41519464 | N21: Equatorial GO | O21: GO
B22: RN | C22: 0.18 | E22: =IF('Tarifas Ponta Cativo'!I23="",'Tarifas Ponta Cativo'!G23,'Tarifas Ponta Cativo'!I23) -> 3.2031065 | F22: Neoenergia RN (COSERN) | G22: RN | I22: =IF('Tarifas Ponta Livre'!I24="",'Tarifas Ponta Livre'!G24,'Tarifas Ponta Livre'!I24) -> 1.6335831 | J22: Neoenergia RN (COSERN) | K22: RN | M22: =IF('Tarifas Energia'!I23="",('Tarifas Energia'!G23*63+'Tarifas Energia'!L23*667)/730,('Tarifas Energia'!I23*63+'Tarifas Energia'!N23*667)/730) -> 0.38521916 | N22: Neoenergia RN (COSERN) | O22: RN
B23: RO | C23: 0.195 | E23: =IF('Tarifas Ponta Cativo'!I24="",'Tarifas Ponta Cativo'!G24,'Tarifas Ponta Cativo'!I24) -> 2.176728 | F23: CELESC | G23: SC | I23: =IF('Tarifas Ponta Livre'!I25="",'Tarifas Ponta Livre'!G25,'Tarifas Ponta Livre'!I25) -> 0.99920582 | J23: CELESC | K23: SC | M23: =IF('Tarifas Energia'!I24="",('Tarifas Energia'!G24*63+'Tarifas Energia'!L24*667)/730,('Tarifas Energia'!I24*63+'Tarifas Energia'!N24*667)/730) -> 0.43902379 | N23: CELESC | O23: SC
B24: RR | C24: 0.2 | E24: =IF('Tarifas Ponta Cativo'!I25="",'Tarifas Ponta Cativo'!G25,'Tarifas Ponta Cativo'!I25) -> 2.8059079 | F24: Roraima Energia (Boa Vista) | G24: RR | I24: =IF('Tarifas Ponta Livre'!I26="",'Tarifas Ponta Livre'!G26,'Tarifas Ponta Livre'!I26) -> 1.3882361 | J24: Roraima Energia (Boa Vista) | K24: RR | M24: =IF('Tarifas Energia'!I25="",('Tarifas Energia'!G25*63+'Tarifas Energia'!L25*667)/730,('Tarifas Energia'!I25*63+'Tarifas Energia'!N25*667)/730) -> 0.45320386 | N24: Roraima Energia (Boa Vista) | O24: RR
... B29: TO | C29: 0.2 | E29: =IF('Tarifas Ponta Cativo'!I30="",'Tarifas Ponta Cativo'!G30,'Tarifas Ponta Cativo'!I30) -> 2.7568294 | F29: CEEE Equatorial | G29: RS | I29: =IF('Tarifas Ponta Livre'!I31="",'Tarifas Ponta Livre'!G31,'Tarifas Ponta Livre'!I31) -> 1.3539113 | J29: CEEE Equatorial | K29: RS | M29: =IF('Tarifas Energia'!I30="",('Tarifas Energia'!G30*63+'Tarifas Energia'!L30*667)/730,('Tarifas Energia'!I30*63+'Tarifas Energia'!N30*667)/730) -> 0.42965746 | N29: CEEE Equatorial | O29: RS
E30: =IF('Tarifas Ponta Cativo'!I31="",'Tarifas Ponta Cativo'!G31,'Tarifas Ponta Cativo'!I31) -> 2.2894095 | F30: CPFL Paulista | G30: SP | I30: =IF('Tarifas Ponta Livre'!I32="",'Tarifas Ponta Livre'!G32,'Tarifas Ponta Livre'!I32) -> 1.1413014 | J30: CPFL Paulista | K30: SP | M30: =IF('Tarifas Energia'!I31="",('Tarifas Energia'!G31*63+'Tarifas Energia'!L31*667)/730,('Tarifas Energia'!I31*63+'Tarifas Energia'!N31*667)/730) -> 0.36783966 | N30: CPFL Paulista | O30: SP
E31: =IF('Tarifas Ponta Cativo'!I32="",'Tarifas Ponta Cativo'!G32,'Tarifas Ponta Cativo'!I32) -> 1.8707959 | F31: CPFL Piratininga | G31: SP | I31: =IF('Tarifas Ponta Livre'!I33="",'Tarifas Ponta Livre'!G33,'Tarifas Ponta Livre'!I33) -> 0.80422664 | J31: CPFL Piratininga | K31: SP | M31: =IF('Tarifas Energia'!I32="",('Tarifas Energia'!G32*63+'Tarifas Energia'!L32*667)/730,('Tarifas Energia'!I32*63+'Tarifas Energia'!N32*667)/730) -> 0.43546334 | N31: CPFL Piratininga | O31: SP
E32: =IF('Tarifas Ponta Cativo'!I33="",'Tarifas Ponta Cativo'!G33,'Tarifas Ponta Cativo'!I33) -> 2.3294737 | F32: EDP SP | G32: SP | I32: =IF('Tarifas Ponta Livre'!I34="",'Tarifas Ponta Livre'!G34,'Tarifas Ponta Livre'!I34) -> 1.1099173 | J32: EDP SP | K32: SP | M32: =IF('Tarifas Energia'!I33="",('Tarifas Energia'!G33*63+'Tarifas Energia'!L33*667)/730,('Tarifas Energia'!I33*63+'Tarifas Energia'!N33*667)/730) -> 0.41687675 | N32: EDP SP | O32: SP
E33: =IF('Tarifas Ponta Cativo'!I34="",'Tarifas Ponta Cativo'!G34,'Tarifas Ponta Cativo'!I34) -> 2.0128553 | F33: Neoenergia Brasília (CEB) | G33: DF | I33: =IF('Tarifas Ponta Livre'!I35="",'Tarifas Ponta Livre'!G35,'Tarifas Ponta Livre'!I35) -> 0.84037105 | J33: Neoenergia Brasília (CEB) | K33: DF | M33: =IF('Tarifas Energia'!I34="",('Tarifas Energia'!G34*63+'Tarifas Energia'!L34*667)/730,('Tarifas Energia'!I34*63+'Tarifas Energia'!N34*667)/730) -> 0.52277289 | N33: Neoenergia Brasília (CEB) | O33: DF
E34: =IF('Tarifas Ponta Cativo'!I35="",'Tarifas Ponta Cativo'!G35,'Tarifas Ponta Cativo'!I35) -> 3.43722 | F34: Enel RJ | G34: RJ | I34: =IF('Tarifas Ponta Livre'!I36="",'Tarifas Ponta Livre'!G36,'Tarifas Ponta Livre'!I36) -> 1.8595048 | J34: Enel RJ | K34: RJ | M34: =IF('Tarifas Energia'!I35="",('Tarifas Energia'!G35*63+'Tarifas Energia'!L35*667)/730,('Tarifas Energia'!I35*63+'Tarifas Energia'!N35*667)/730) -> 0.4403418 | N34: Enel RJ | O34: RJ
E35: =IF('Tarifas Ponta Cativo'!I36="",'Tarifas Ponta Cativo'!G36,'Tarifas Ponta Cativo'!I36) -> 1.8033761 | F35: Enel SP (ELETROPAULO) | G35: SP | I35: =IF('Tarifas Ponta Livre'!I37="",'Tarifas Ponta Livre'!G37,'Tarifas Ponta Livre'!I37) -> 0.79819999 | J35: Enel SP (ELETROPAULO) | K35: SP | M35: =IF('Tarifas Energia'!I36="",('Tarifas Energia'!G36*63+'Tarifas Energia'!L36*667)/730,('Tarifas Energia'!I36*63+'Tarifas Energia'!N36*667)/730) -> 0.40752355 | N35: Enel SP (ELETROPAULO) | O35: SP
E36: =IF('Tarifas Ponta Cativo'!I37="",'Tarifas Ponta Cativo'!G37,'Tarifas Ponta Cativo'!I37) -> 2.3751447 | F36: Amazonas Energia | G36: AM | I36: =IF('Tarifas Ponta Livre'!I38="",'Tarifas Ponta Livre'!G38,'Tarifas Ponta Livre'!I38) -> 1.1347379 | J36: Amazonas Energia | K36: AM | M36: =IF('Tarifas Energia'!I37="",('Tarifas Energia'!G37*63+'Tarifas Energia'!L37*667)/730,('Tarifas Energia'!I37*63+'Tarifas Energia'!N37*667)/730) -> 0.4124405 | N36: Amazonas Energia | O36: AM
E37: =IF('Tarifas Ponta Cativo'!I38="",'Tarifas Ponta Cativo'!G38,'Tarifas Ponta Cativo'!I38) -> 2.4054942 | F37: Energisa Sul-Sudeste (ESS) | G37: SP | I37: =IF('Tarifas Ponta Livre'!I39="",'Tarifas Ponta Livre'!G39,'Tarifas Ponta Livre'!I39) -> 1.1552976 | J37: Energisa Sul-Sudeste (ESS) | K37: SP | M37: =IF('Tarifas Energia'!I38="",('Tarifas Energia'!G38*63+'Tarifas Energia'!L38*667)/730,('Tarifas Energia'!I38*63+'Tarifas Energia'!N38*667)/730) -> 0.41323254 | N37: Energisa Sul-Sudeste (ESS) | O37: SP
E38: =IF('Tarifas Ponta Cativo'!I39="",'Tarifas Ponta Cativo'!G39,'Tarifas Ponta Cativo'!I39) -> 4.1886136 | F38: Equatorial AP (CEA) | G38: AP | I38: =IF('Tarifas Ponta Livre'!I40="",'Tarifas Ponta Livre'!G40,'Tarifas Ponta Livre'!I40) -> 2.4825868 | J38: Equatorial AP (CEA) | K38: AP | M38: =IF('Tarifas Energia'!I39="",('Tarifas Energia'!G39*63+'Tarifas Energia'!L39*667)/730,('Tarifas Energia'!I39*63+'Tarifas Energia'!N39*667)/730) -> 0.11824003 | N38: Equatorial AP (CEA) | O38: AP
E39: =IF('Tarifas Ponta Cativo'!I40="",'Tarifas Ponta Cativo'!G40,'Tarifas Ponta Cativo'!I40) -> 2.7124886 | F39: CHESP | G39: GO | I39: =IF('Tarifas Ponta Livre'!I41="",'Tarifas Ponta Livre'!G41,'Tarifas Ponta Livre'!I41)+0.000000000000001 -> 1.3989797 | J39: CHESP | K39: GO | M39: =IF('Tarifas Energia'!I40="",('Tarifas Energia'!G40*63+'Tarifas Energia'!L40*667)/730,('Tarifas Energia'!I40*63+'Tarifas Energia'!N40*667)/730) -> 0.37192532 | N39: CHESP | O39: GO
E40: =IF('Tarifas Ponta Cativo'!I41="",'Tarifas Ponta Cativo'!G41,'Tarifas Ponta Cativo'!I41) -> 2.8220154 | F40: CPFL Santa Cruz | G40: SP | I40: =IF('Tarifas Ponta Livre'!I42="",'Tarifas Ponta Livre'!G42,'Tarifas Ponta Livre'!I42) -> 1.5073049 | J40: CPFL Santa Cruz | K40: SP | M40: =IF('Tarifas Energia'!I41="",('Tarifas Energia'!G41*63+'Tarifas Energia'!L41*667)/730,('Tarifas Energia'!I41*63+'Tarifas Energia'!N41*667)/730) -> 0.31944189 | N40: CPFL Santa Cruz | O40: SP
E41: =IF('Tarifas Ponta Cativo'!I42="",'Tarifas Ponta Cativo'!G42,'Tarifas Ponta Cativo'!I42) -> 3.2073299 | F41: Energisa Minas Rio (EMR) | G41: MG | I41: =IF('Tarifas Ponta Livre'!I43="",'Tarifas Ponta Livre'!G43,'Tarifas Ponta Livre'!I43) -> 1.5998974 | J41: Energisa Minas Rio (EMR) | K41: MG | M41: =IF('Tarifas Energia'!I42="",('Tarifas Energia'!G42*63+'Tarifas Energia'!L42*667)/730,('Tarifas Energia'!I42*63+'Tarifas Energia'!N42*667)/730) -> 0.46392931 | N41: Energisa Minas Rio (EMR) | O41: MG
E42: =IF('Tarifas Ponta Cativo'!I43="",'Tarifas Ponta Cativo'!G43,'Tarifas Ponta Cativo'!I43) -> 2.4406088 | F42: EDP ES | G42: ES | I42: =IF('Tarifas Ponta Livre'!I44="",'Tarifas Ponta Livre'!G44,'Tarifas Ponta Livre'!I44) -> 1.1723268 | J42: EDP ES | K42: ES | M42: =IF('Tarifas Energia'!I43="",('Tarifas Energia'!G43*63+'Tarifas Energia'!L43*667)/730,('Tarifas Energia'!I43*63+'Tarifas Energia'!N43*667)/730) -> 0.4286763 | N42: EDP ES | O42: ES
E43: =IF('Tarifas Ponta Cativo'!I44="",'Tarifas Ponta Cativo'!G44,'Tarifas Ponta Cativo'!I44) -> 2.2263354 | F43: FORCEL (Pacto Energia PR) | G43: PR | I43: =IF('Tarifas Ponta Livre'!I45="",'Tarifas Ponta Livre'!G45,'Tarifas Ponta Livre'!I45) -> 1.1060468 | J43: FORCEL (Pacto Energia PR) | K43: PR | M43: =IF('Tarifas Energia'!I44="",('Tarifas Energia'!G44*63+'Tarifas Energia'!L44*667)/730,('Tarifas Energia'!I44*63+'Tarifas Energia'!N44*667)/730) -> 0.34730345 | N43: FORCEL (Pacto Energia PR) | O43: PR
M45: 0.52277289
M46: 0.45320386
M47: 0.44942749
M48: 0.4403418
M49: 0.43546334
M50: 0.42965746
M51: 0.41687675
M52: 0.41519464
M53: 0.4124405
M54: 0.40738414
M55: 0.40717003
M56: 0.40354378
... M84: 0.11824003

Sheet Planilha6
C2: 0.67714482
C3: 0.75596638
C4: 0.83332026
C5: 0.83358919
C6: 0.89084118
C7: 0.96871919
C8: 1.0059076
C9: 1.0091896
C10: 1.0413622
C11: 1.0732791
C12: 1.0740303
C13: 1.0742704
... C41: 2.243446
